review_id,language,split,task,sentence_a,sentence_b,reviewer,judged_label,fluent,comment
7a79f1a097,en,test,space,"If the young black duck is to the left of the large yellow bear and the small black cow is to the right of the young black bear, a bell rings.","If the large yellow bear is to the left of the young black duck and the young black bear is to the right of the small black cow, a bell rings.",EN-R1-SSJKF,,,
3d126176b5,en,test,quantity,"If there are three small white ducks and five large blue cats, a bell rings.","If there are five large blue cats and three small white ducks, a bell rings.",EN-R1-SSJKF,,,
b4e41724a8,en,dev_b,space,Someone says that the young red dog is to the right of the large white rabbit and the small blue hen is to the left of the young yellow hen.,Someone says that the large white rabbit is to the right of the young red dog and the young yellow hen is to the left of the small blue hen.,EN-R1-SSJKF,,,
a48608db5c,en,train,roles,The small black cow greets the small blue hen and the small blue hen follows the small black cow.,The small blue hen is followed by the small black cow and the small black cow is greeted by the small blue hen.,EN-R1-SSJKF,,,
c75cc7bfbe,en,train,quantity,There are three small black horses and eight old white sheep.,There are three old white sheep and eight small black horses.,EN-R1-SSJKF,,,
cc51fb3b80,en,dev_b,negation,Someone says that the small yellow cow greets the small blue dog and the small blue dog does not greet the small yellow cow.,Someone says that the small blue dog is not greeted by the small yellow cow and the small yellow cow is greeted by the small blue dog.,EN-R1-SSJKF,,,
741b0b28ba,en,train,roles,The large blue cow greets the large blue cat and the large blue cat follows the large blue cow.,The large blue cat is followed by the large blue cow and the large blue cow is greeted by the large blue cat.,EN-R1-SSJKF,,,
2b7fc1116f,en,dev_b,space,Someone says that the young white rabbit is below the old blue horse and the old blue bear is above the small black bear.,Someone says that the old blue horse is above the young white rabbit and the small black bear is below the old blue bear.,EN-R1-SSJKF,,,
08311df8d4,en,dev_a,roles,Is it true that the large yellow lion greets the small black cat and the small black cat sees the large yellow lion?,Is it true that the small black cat is seen by the large yellow lion and the large yellow lion is greeted by the small black cat?,EN-R1-SSJKF,,,
7bb44e5d30,en,test,roles,"If the large green sheep greets the young white hen and the young white hen follows the large green sheep, a bell rings.","If the young white hen is followed by the large green sheep and the large green sheep is greeted by the young white hen, a bell rings.",EN-R1-SSJKF,,,
8f8ed481c1,en,dev_a,negation,Is it true that the small green hen greets the young white cow and the young white cow does not greet the small green hen?,Is it true that the young white cow is not greeted by the small green hen and the small green hen is greeted by the young white cow?,EN-R1-SSJKF,,,
87b3ba12ee,en,train,space,The young green mouse is to the right of the old white cat and the large white hen is to the left of the old black hen.,The old white cat is to the left of the young green mouse and the old black hen is to the right of the large white hen.,EN-R1-SSJKF,,,
e7c77acca7,en,dev_b,roles,Someone says that the old blue lion greets the old black horse and the old black horse follows the old blue lion.,Someone says that the old black horse is followed by the old blue lion and the old blue lion is greeted by the old black horse.,EN-R1-SSJKF,,,
5d9688628c,en,dev_a,space,Is it true that the large black lion is behind the young green sheep and the young yellow cow is in front of the small white cow?,Is it true that the young green sheep is behind the large black lion and the small white cow is in front of the young yellow cow?,EN-R1-SSJKF,,,
8295ea7c21,en,train,negation,The young green dog does not see the small white fox and the small white fox sees the young green dog.,The small white fox is not seen by the young green dog and the young green dog is seen by the small white fox.,EN-R1-SSJKF,,,
972d6309a7,en,train,negation,The old white dog greets the young black lion and the young black lion does not greet the old white dog.,The young black lion is greeted by the old white dog and the old white dog is not greeted by the young black lion.,EN-R1-SSJKF,,,
887fa577cc,en,dev_b,space,Someone says that the young black bear is above the small black duck and the young red hen is below the large yellow hen.,Someone says that the small black duck is above the young black bear and the large yellow hen is below the young red hen.,EN-R1-SSJKF,,,
bf3680ce25,en,train,space,The small red rabbit is below the small blue duck and the small white mouse is above the small blue horse.,The small blue duck is below the small red rabbit and the small blue horse is above the small white mouse.,EN-R1-SSJKF,,,
b6e319eeff,en,test,negation,"If the young yellow duck follows the old blue lion and the old blue lion does not follow the young yellow duck, a bell rings.","If the old blue lion is followed by the young yellow duck and the young yellow duck is not followed by the old blue lion, a bell rings.",EN-R1-SSJKF,,,
0b79bab028,en,train,roles,The old red cat sees the large black fox and the large black fox follows the old red cat.,The large black fox is seen by the old red cat and the old red cat is followed by the large black fox.,EN-R1-SSJKF,,,
43c7ba5c5a,en,dev_b,negation,Someone says that the young blue dog follows the small black rabbit and the small black rabbit does not follow the young blue dog.,Someone says that the small black rabbit is followed by the young blue dog and the young blue dog is not followed by the small black rabbit.,EN-R1-SSJKF,,,
ff5db30ce2,en,dev_a,roles,Is it true that the small black horse greets the large black lion and the large black lion follows the small black horse?,Is it true that the large black lion is greeted by the small black horse and the small black horse is followed by the large black lion?,EN-R1-SSJKF,,,
7cc1bf7809,en,dev_a,roles,Is it true that the old blue dog greets the young blue cow and the young blue cow sees the old blue dog?,Is it true that the young blue cow is greeted by the old blue dog and the old blue dog is seen by the young blue cow?,EN-R1-SSJKF,,,
abf0c0ba2a,en,test,roles,"If the young black bear sees the young blue cat and the young blue cat follows the young black bear, a bell rings.","If the young blue cat is followed by the young black bear and the young black bear is seen by the young blue cat, a bell rings.",EN-R1-SSJKF,,,
6434a85e3e,en,dev_a,roles,Is it true that the small white hen follows the small green dog and the small green dog greets the small white hen?,Is it true that the small green dog is followed by the small white hen and the small white hen is greeted by the small green dog?,EN-R1-SSJKF,,,
b09a9b360d,en,dev_b,space,Someone says that the small white lion is below the large green fox and the large red lion is above the young blue hen.,Someone says that the large green fox is above the small white lion and the young blue hen is below the large red lion.,EN-R1-SSJKF,,,
6bb427955d,en,dev_b,space,Someone says that the old yellow rabbit is behind the small blue dog and the large black lion is in front of the old green fox.,Someone says that the small blue dog is behind the old yellow rabbit and the old green fox is in front of the large black lion.,EN-R1-SSJKF,,,
6de7586d7d,en,dev_a,space,Is it true that the old white rabbit is in front of the large red rabbit and the large blue cow is behind the large blue dog?,Is it true that the large red rabbit is behind the old white rabbit and the large blue dog is in front of the large blue cow?,EN-R1-SSJKF,,,
cc7e0f09a0,en,dev_b,negation,Someone says that the small yellow mouse follows the large green hen and the large green hen does not follow the small yellow mouse.,Someone says that the large green hen is not followed by the small yellow mouse and the small yellow mouse is followed by the large green hen.,EN-R1-SSJKF,,,
b715464fa8,en,dev_b,negation,Someone says that the small green hen does not see the old blue hen and the old blue hen sees the small green hen.,Someone says that the old blue hen is not seen by the small green hen and the small green hen is seen by the old blue hen.,EN-R1-SSJKF,,,
9f49877014,en,dev_b,quantity,Someone says that there are six large red cats and seven young blue dogs.,Someone says that there are six young blue dogs and seven large red cats.,EN-R1-SSJKF,,,
f882062678,en,dev_a,quantity,Is it true that there are six young yellow horses and four young yellow bears?,Is it true that there are six young yellow bears and four young yellow horses?,EN-R1-SSJKF,,,
67eea3346e,en,dev_a,space,Is it true that the large blue dog is to the right of the small white hen and the small yellow mouse is to the left of the young red hen?,Is it true that the small white hen is to the left of the large blue dog and the young red hen is to the right of the small yellow mouse?,EN-R1-SSJKF,,,
49458f7b8b,en,train,negation,The old red sheep follows the young white hen and the young white hen does not follow the old red sheep.,The young white hen is not followed by the old red sheep and the old red sheep is followed by the young white hen.,EN-R1-SSJKF,,,
78ebe0ba38,en,dev_b,roles,Someone says that the large black duck sees the small red rabbit and the small red rabbit greets the large black duck.,Someone says that the small red rabbit is seen by the large black duck and the large black duck is greeted by the small red rabbit.,EN-R1-SSJKF,,,
21d4ca9684,en,train,negation,The large yellow horse does not greet the small black sheep and the small black sheep greets the large yellow horse.,The small black sheep is greeted by the large yellow horse and the large yellow horse is not greeted by the small black sheep.,EN-R1-SSJKF,,,
9a20fce044,en,train,quantity,There are five small green cows and two small red rabbits.,There are five small red rabbits and two small green cows.,EN-R1-SSJKF,,,
1d5f1cb5d1,en,dev_a,quantity,Is it true that there are three old yellow cows and two old red hens?,Is it true that there are three old red hens and two old yellow cows?,EN-R1-SSJKF,,,
f7992252af,en,test,roles,"If the young yellow cat follows the large yellow sheep and the large yellow sheep sees the young yellow cat, a bell rings.","If the large yellow sheep is seen by the young yellow cat and the young yellow cat is followed by the large yellow sheep, a bell rings.",EN-R1-SSJKF,,,
bdd4b12237,en,dev_a,roles,Is it true that the small black duck follows the small black mouse and the small black mouse sees the small black duck?,Is it true that the small black mouse is followed by the small black duck and the small black duck is seen by the small black mouse?,EN-R1-SSJKF,,,
8f74f0c3e1,en,test,space,"If the young red cat is in front of the small white fox and the young yellow fox is behind the young green sheep, a bell rings.","If the small white fox is in front of the young red cat and the young green sheep is behind the young yellow fox, a bell rings.",EN-R1-SSJKF,,,
bacec568d9,en,dev_b,roles,Someone says that the old green duck follows the young blue rabbit and the young blue rabbit greets the old green duck.,Someone says that the young blue rabbit is followed by the old green duck and the old green duck is greeted by the young blue rabbit.,EN-R1-SSJKF,,,
f65bc367da,en,dev_a,roles,Is it true that the large blue fox follows the old blue lion and the old blue lion greets the large blue fox?,Is it true that the old blue lion is greeted by the large blue fox and the large blue fox is followed by the old blue lion?,EN-R1-SSJKF,,,
064c7c57e2,en,dev_b,negation,Someone says that the large green dog greets the young blue rabbit and the young blue rabbit does not greet the large green dog.,Someone says that the young blue rabbit is greeted by the large green dog and the large green dog is not greeted by the young blue rabbit.,EN-R1-SSJKF,,,
d6dabcb3c3,en,dev_b,quantity,Someone says that there are four large black foxes and six small green cows.,Someone says that there are six small green cows and four large black foxes.,EN-R1-SSJKF,,,
54e48c8e07,en,dev_a,quantity,Is it true that there are six old red bears and five old black bears?,Is it true that there are five old black bears and six old red bears?,EN-R1-SSJKF,,,
12c16710c2,en,dev_a,quantity,Is it true that there are four large white dogs and eight old black horses?,Is it true that there are eight old black horses and four large white dogs?,EN-R1-SSJKF,,,
0073c181f9,en,dev_b,space,Someone says that the large black rabbit is above the old yellow mouse and the old white mouse is below the large yellow horse.,Someone says that the old yellow mouse is below the large black rabbit and the large yellow horse is above the old white mouse.,EN-R1-SSJKF,,,
52a6666f68,en,train,roles,The small yellow cow sees the large black cat and the large black cat follows the small yellow cow.,The large black cat is followed by the small yellow cow and the small yellow cow is seen by the large black cat.,EN-R1-SSJKF,,,
1553c0f54c,en,dev_a,negation,Is it true that the small yellow rabbit does not follow the young black cat and the young black cat follows the small yellow rabbit?,Is it true that the young black cat is not followed by the small yellow rabbit and the small yellow rabbit is followed by the young black cat?,EN-R1-SSJKF,,,
7098123b7a,en,train,negation,The large black cow does not greet the old yellow cat and the old yellow cat greets the large black cow.,The old yellow cat is greeted by the large black cow and the large black cow is not greeted by the old yellow cat.,EN-R1-SSJKF,,,
6249d0498e,en,dev_a,space,Is it true that the large blue dog is to the right of the old red sheep and the young blue bear is to the left of the small red mouse?,Is it true that the old red sheep is to the right of the large blue dog and the small red mouse is to the left of the young blue bear?,EN-R1-SSJKF,,,
03f84d031d,en,dev_b,negation,Someone says that the old black cat does not see the large black cow and the large black cow sees the old black cat.,Someone says that the large black cow is not seen by the old black cat and the old black cat is seen by the large black cow.,EN-R1-SSJKF,,,
e5814b8ba4,en,test,space,"If the young green rabbit is in front of the young black horse and the small red horse is behind the old yellow mouse, a bell rings.","If the young black horse is in front of the young green rabbit and the old yellow mouse is behind the small red horse, a bell rings.",EN-R1-SSJKF,,,
2615e81a0b,en,dev_a,space,Is it true that the young yellow fox is behind the small blue duck and the young yellow lion is in front of the young blue bear?,Is it true that the small blue duck is in front of the young yellow fox and the young blue bear is behind the young yellow lion?,EN-R1-SSJKF,,,
714958eff0,en,dev_a,roles,Is it true that the old red hen sees the old red mouse and the old red mouse greets the old red hen?,Is it true that the old red mouse is seen by the old red hen and the old red hen is greeted by the old red mouse?,EN-R1-SSJKF,,,
27756b76e1,en,dev_a,negation,Is it true that the young blue lion does not greet the large black lion and the large black lion greets the young blue lion?,Is it true that the large black lion is not greeted by the young blue lion and the young blue lion is greeted by the large black lion?,EN-R1-SSJKF,,,
4d097d44c5,en,train,space,The young red bear is behind the old green bear and the young white rabbit is in front of the large black bear.,The old green bear is in front of the young red bear and the large black bear is behind the young white rabbit.,EN-R1-SSJKF,,,
8eac75f064,en,train,quantity,There are four young green ducks and three young yellow dogs.,There are three young yellow dogs and four young green ducks.,EN-R1-SSJKF,,,
9e2c2cd9cf,en,dev_b,quantity,Someone says that there are two large white bears and three old yellow sheep.,Someone says that there are two old yellow sheep and three large white bears.,EN-R1-SSJKF,,,
6fc8c49c90,en,dev_b,negation,Someone says that the large yellow cow does not greet the old white lion and the old white lion greets the large yellow cow.,Someone says that the old white lion is not greeted by the large yellow cow and the large yellow cow is greeted by the old white lion.,EN-R1-SSJKF,,,
3f56622aab,en,dev_a,roles,Is it true that the large green hen follows the small black hen and the small black hen greets the large green hen?,Is it true that the small black hen is greeted by the large green hen and the large green hen is followed by the small black hen?,EN-R1-SSJKF,,,
a0fd32d3e1,en,train,roles,The large black bear sees the small green lion and the small green lion greets the large black bear.,The small green lion is seen by the large black bear and the large black bear is greeted by the small green lion.,EN-R1-SSJKF,,,
e66130fd51,en,test,space,"If the old white hen is below the large blue cow and the small white sheep is above the small blue horse, a bell rings.","If the large blue cow is above the old white hen and the small blue horse is below the small white sheep, a bell rings.",EN-R1-SSJKF,,,
d17c8abd29,en,train,quantity,There are two small blue foxes and six small white rabbits.,There are six small white rabbits and two small blue foxes.,EN-R1-SSJKF,,,
8b4acadbbb,en,train,quantity,There are eight small yellow cats and four young white cows.,There are eight young white cows and four small yellow cats.,EN-R1-SSJKF,,,
254e8631ac,en,train,space,The large blue cow is above the young yellow dog and the young black bear is below the small white duck.,The young yellow dog is below the large blue cow and the small white duck is above the young black bear.,EN-R1-SSJKF,,,
96de584d37,en,train,roles,The small red rabbit follows the large yellow cow and the large yellow cow sees the small red rabbit.,The large yellow cow is seen by the small red rabbit and the small red rabbit is followed by the large yellow cow.,EN-R1-SSJKF,,,
e1374070dc,en,dev_b,quantity,Someone says that there are five old green mice and four old red foxes.,Someone says that there are four old red foxes and five old green mice.,EN-R1-SSJKF,,,
4511e15f0f,en,test,quantity,"If there are two large white ducks and four young white horses, a bell rings.","If there are two young white horses and four large white ducks, a bell rings.",EN-R1-SSJKF,,,
cd3a6b0c83,en,dev_a,negation,Is it true that the young red mouse does not follow the large blue dog and the large blue dog follows the young red mouse?,Is it true that the large blue dog is not followed by the young red mouse and the young red mouse is followed by the large blue dog?,EN-R1-SSJKF,,,
44f2783aca,en,dev_a,quantity,Is it true that there are five young yellow cows and eight old red cows?,Is it true that there are five old red cows and eight young yellow cows?,EN-R1-SSJKF,,,
92563facde,en,train,negation,The young yellow bear greets the young yellow horse and the young yellow horse does not greet the young yellow bear.,The young yellow horse is not greeted by the young yellow bear and the young yellow bear is greeted by the young yellow horse.,EN-R1-SSJKF,,,
8924207414,en,test,space,"If the young blue bear is behind the old black sheep and the old black dog is in front of the large white horse, a bell rings.","If the old black sheep is behind the young blue bear and the large white horse is in front of the old black dog, a bell rings.",EN-R1-SSJKF,,,
023d1cdf58,en,dev_a,quantity,Is it true that there are seven old black sheep and three small black hens?,Is it true that there are seven small black hens and three old black sheep?,EN-R1-SSJKF,,,
565dc0f941,en,dev_a,roles,Is it true that the large red rabbit sees the large green horse and the large green horse follows the large red rabbit?,Is it true that the large green horse is seen by the large red rabbit and the large red rabbit is followed by the large green horse?,EN-R1-SSJKF,,,
2e070281c4,en,test,space,"If the old white rabbit is to the right of the young black bear and the old yellow lion is to the left of the young blue hen, a bell rings.","If the young black bear is to the left of the old white rabbit and the young blue hen is to the right of the old yellow lion, a bell rings.",EN-R1-SSJKF,,,
045bdf487d,en,dev_b,roles,Someone says that the small black cow follows the old red cat and the old red cat greets the small black cow.,Someone says that the old red cat is greeted by the small black cow and the small black cow is followed by the old red cat.,EN-R1-SSJKF,,,
ecf56a2cfa,en,dev_a,negation,Is it true that the young yellow rabbit does not see the large red bear and the large red bear sees the young yellow rabbit?,Is it true that the large red bear is seen by the young yellow rabbit and the young yellow rabbit is not seen by the large red bear?,EN-R1-SSJKF,,,
9526cbd88b,en,test,roles,"If the large red rabbit greets the small yellow bear and the small yellow bear follows the large red rabbit, a bell rings.","If the small yellow bear is followed by the large red rabbit and the large red rabbit is greeted by the small yellow bear, a bell rings.",EN-R1-SSJKF,,,
3f7aa233bc,en,test,negation,"If the old yellow horse greets the young black dog and the young black dog does not greet the old yellow horse, a bell rings.","If the young black dog is greeted by the old yellow horse and the old yellow horse is not greeted by the young black dog, a bell rings.",EN-R1-SSJKF,,,
282644af0d,en,test,quantity,"If there are three large white bears and four young green bears, a bell rings.","If there are three young green bears and four large white bears, a bell rings.",EN-R1-SSJKF,,,
7ff4eb8fdc,en,test,negation,"If the young blue mouse sees the old yellow cat and the old yellow cat does not see the young blue mouse, a bell rings.","If the old yellow cat is not seen by the young blue mouse and the young blue mouse is seen by the old yellow cat, a bell rings.",EN-R1-SSJKF,,,
f80539e18a,en,train,quantity,There are seven large black mice and four old red rabbits.,There are seven old red rabbits and four large black mice.,EN-R1-SSJKF,,,
d1a57dddd8,en,dev_b,quantity,Someone says that there are eight small blue lions and three young blue bears.,Someone says that there are eight young blue bears and three small blue lions.,EN-R1-SSJKF,,,
4120c2fc4e,en,test,quantity,"If there are three old black mice and four young yellow dogs, a bell rings.","If there are three young yellow dogs and four old black mice, a bell rings.",EN-R1-SSJKF,,,
ccc8192f76,en,dev_b,quantity,Someone says that there are five small blue cats and eight large red bears.,Someone says that there are five large red bears and eight small blue cats.,EN-R1-SSJKF,,,
bb3a62e361,en,dev_a,space,Is it true that the small green mouse is below the large white cat and the young blue duck is above the small white bear?,Is it true that the large white cat is above the small green mouse and the small white bear is below the young blue duck?,EN-R1-SSJKF,,,
050c91e79c,en,test,quantity,"If there are seven small green bears and eight small red dogs, a bell rings.","If there are eight small red dogs and seven small green bears, a bell rings.",EN-R1-SSJKF,,,
a8fb29f935,en,train,negation,The small red cat does not follow the young white bear and the young white bear follows the small red cat.,The young white bear is followed by the small red cat and the small red cat is not followed by the young white bear.,EN-R1-SSJKF,,,
324a95222c,en,dev_b,roles,Someone says that the large black mouse sees the small black bear and the small black bear greets the large black mouse.,Someone says that the small black bear is greeted by the large black mouse and the large black mouse is seen by the small black bear.,EN-R1-SSJKF,,,
6602239e58,en,train,space,The small black horse is below the small yellow fox and the old black fox is above the small green mouse.,The small yellow fox is below the small black horse and the small green mouse is above the old black fox.,EN-R1-SSJKF,,,
7e16b729c4,en,test,negation,"If the old blue horse greets the large green duck and the large green duck does not greet the old blue horse, a bell rings.","If the large green duck is greeted by the old blue horse and the old blue horse is not greeted by the large green duck, a bell rings.",EN-R1-SSJKF,,,
1fdaa00271,en,test,roles,"If the small yellow bear follows the old white rabbit and the old white rabbit sees the small yellow bear, a bell rings.","If the old white rabbit is followed by the small yellow bear and the small yellow bear is seen by the old white rabbit, a bell rings.",EN-R1-SSJKF,,,
0bfe28105f,en,train,quantity,There are seven small green lions and six young black lions.,There are six young black lions and seven small green lions.,EN-R1-SSJKF,,,
f30b9325e4,en,test,negation,"If the young white cat does not greet the large blue mouse and the large blue mouse greets the young white cat, a bell rings.","If the large blue mouse is not greeted by the young white cat and the young white cat is greeted by the large blue mouse, a bell rings.",EN-R1-SSJKF,,,
92414412ea,en,dev_b,roles,Someone says that the old blue rabbit sees the small red horse and the small red horse follows the old blue rabbit.,Someone says that the small red horse is followed by the old blue rabbit and the old blue rabbit is seen by the small red horse.,EN-R1-SSJKF,,,
f9bd443950,en,train,negation,The large red hen does not follow the young blue cow and the young blue cow follows the large red hen.,The young blue cow is not followed by the large red hen and the large red hen is followed by the young blue cow.,EN-R1-SSJKF,,,
bca79ab04f,en,dev_a,negation,Is it true that the old blue cow sees the young white cow and the young white cow does not see the old blue cow?,Is it true that the young white cow is not seen by the old blue cow and the old blue cow is seen by the young white cow?,EN-R1-SSJKF,,,
1f170285b0,en,test,quantity,"If there are two small black bears and four old white foxes, a bell rings.","If there are two old white foxes and four small black bears, a bell rings.",EN-R1-SSJKF,,,
b8309537cb,en,train,roles,The small yellow horse sees the young green hen and the young green hen greets the small yellow horse.,The young green hen is seen by the small yellow horse and the small yellow horse is greeted by the young green hen.,EN-R1-SSJKF,,,
a7edd74541,en,dev_a,quantity,Is it true that there are four large white mice and six young white bears?,Is it true that there are six young white bears and four large white mice?,EN-R1-SSJKF,,,
686623ce0c,en,dev_a,roles,Is it true that the large blue horse sees the old green duck and the old green duck follows the large blue horse?,Is it true that the old green duck is followed by the large blue horse and the large blue horse is seen by the old green duck?,EN-R1-SSJKF,,,
032b8ed4a1,en,dev_a,space,Is it true that the old green dog is above the small yellow mouse and the young black duck is below the young blue sheep?,Is it true that the small yellow mouse is above the old green dog and the young blue sheep is below the young black duck?,EN-R1-SSJKF,,,
8168f2e58f,en,dev_a,negation,Is it true that the small white rabbit sees the small green dog and the small green dog does not see the small white rabbit?,Is it true that the small green dog is seen by the small white rabbit and the small white rabbit is not seen by the small green dog?,EN-R1-SSJKF,,,
5b595d6a0e,en,dev_a,space,Is it true that the large green fox is in front of the small white bear and the large black rabbit is behind the small white sheep?,Is it true that the small white bear is behind the large green fox and the small white sheep is in front of the large black rabbit?,EN-R1-SSJKF,,,
53da65fb8c,en,dev_b,space,Someone says that the young blue dog is in front of the young yellow cat and the old yellow sheep is behind the small red duck.,Someone says that the young yellow cat is in front of the young blue dog and the small red duck is behind the old yellow sheep.,EN-R1-SSJKF,,,
d78f993b89,en,train,quantity,There are seven small blue lions and eight young yellow horses.,There are eight young yellow horses and seven small blue lions.,EN-R1-SSJKF,,,
be08cec326,en,dev_a,negation,Is it true that the large yellow rabbit does not follow the old green rabbit and the old green rabbit follows the large yellow rabbit?,Is it true that the old green rabbit is followed by the large yellow rabbit and the large yellow rabbit is not followed by the old green rabbit?,EN-R1-SSJKF,,,
1ed4703124,en,test,quantity,"If there are two young blue hens and five small black foxes, a bell rings.","If there are five small black foxes and two young blue hens, a bell rings.",EN-R1-SSJKF,,,
48ae63d8a5,en,dev_b,negation,Someone says that the old blue dog does not follow the young yellow sheep and the young yellow sheep follows the old blue dog.,Someone says that the young yellow sheep is followed by the old blue dog and the old blue dog is not followed by the young yellow sheep.,EN-R1-SSJKF,,,
86be85e66f,en,dev_a,quantity,Is it true that there are two small yellow dogs and seven young white cats?,Is it true that there are seven young white cats and two small yellow dogs?,EN-R1-SSJKF,,,
e67fbf66b0,en,dev_b,quantity,Someone says that there are four old white rabbits and eight large red rabbits.,Someone says that there are eight large red rabbits and four old white rabbits.,EN-R1-SSJKF,,,
4ecddb4e8b,en,dev_b,space,Someone says that the old white sheep is behind the small white bear and the small black bear is in front of the small black hen.,Someone says that the small white bear is in front of the old white sheep and the small black hen is behind the small black bear.,EN-R1-SSJKF,,,
8597b374c5,en,test,space,"If the small blue hen is below the old white dog and the old black cow is above the young yellow bear, a bell rings.","If the old white dog is below the small blue hen and the young yellow bear is above the old black cow, a bell rings.",EN-R1-SSJKF,,,
32758beaba,en,dev_b,roles,Someone says that the small green mouse follows the old black duck and the old black duck greets the small green mouse.,Someone says that the old black duck is followed by the small green mouse and the small green mouse is greeted by the old black duck.,EN-R1-SSJKF,,,
3635cc96d3,en,test,quantity,"If there are six young blue mice and two young red dogs, a bell rings.","If there are two young red dogs and six young blue mice, a bell rings.",EN-R1-SSJKF,,,
9a6b5627f1,en,train,negation,The large blue dog does not see the old white hen and the old white hen sees the large blue dog.,The old white hen is not seen by the large blue dog and the large blue dog is seen by the old white hen.,EN-R1-SSJKF,,,
fe11a3bf5a,en,test,negation,"If the old blue hen sees the young black dog and the young black dog does not see the old blue hen, a bell rings.","If the young black dog is not seen by the old blue hen and the old blue hen is seen by the young black dog, a bell rings.",EN-R1-SSJKF,,,
2856a26635,en,dev_a,quantity,Is it true that there are three young black hens and five young green bears?,Is it true that there are three young green bears and five young black hens?,EN-R1-SSJKF,,,
cc0ab035dd,en,test,roles,"If the large black rabbit follows the large yellow horse and the large yellow horse sees the large black rabbit, a bell rings.","If the large yellow horse is seen by the large black rabbit and the large black rabbit is followed by the large yellow horse, a bell rings.",EN-R1-SSJKF,,,
e8de51f315,en,train,quantity,There are two young red hens and eight large green ducks.,There are two large green ducks and eight young red hens.,EN-R1-SSJKF,,,
f2b62beea2,en,test,roles,"If the old black hen greets the young blue duck and the young blue duck follows the old black hen, a bell rings.","If the young blue duck is greeted by the old black hen and the old black hen is followed by the young blue duck, a bell rings.",EN-R1-SSJKF,,,
72c6286af8,en,test,roles,"If the small blue lion greets the large white hen and the large white hen sees the small blue lion, a bell rings.","If the large white hen is greeted by the small blue lion and the small blue lion is seen by the large white hen, a bell rings.",EN-R1-SSJKF,,,
425bbf44e2,en,train,roles,The young red lion greets the young black hen and the young black hen sees the young red lion.,The young black hen is seen by the young red lion and the young red lion is greeted by the young black hen.,EN-R1-SSJKF,,,
62c5c8c823,en,test,roles,"If the young red cat greets the old green hen and the old green hen sees the young red cat, a bell rings.","If the old green hen is greeted by the young red cat and the young red cat is seen by the old green hen, a bell rings.",EN-R1-SSJKF,,,
d1ab24521d,en,dev_b,quantity,Someone says that there are two large white bears and three old black ducks.,Someone says that there are three old black ducks and two large white bears.,EN-R1-SSJKF,,,
36e9559e65,en,test,quantity,"If there are two small blue foxes and five large blue ducks, a bell rings.","If there are two large blue ducks and five small blue foxes, a bell rings.",EN-R1-SSJKF,,,
303ceee519,en,dev_a,negation,Is it true that the small black horse greets the large red mouse and the large red mouse does not greet the small black horse?,Is it true that the large red mouse is greeted by the small black horse and the small black horse is not greeted by the large red mouse?,EN-R1-SSJKF,,,
1f3133580f,en,dev_b,negation,Someone says that the small green cat does not see the young black hen and the young black hen sees the small green cat.,Someone says that the young black hen is seen by the small green cat and the small green cat is not seen by the young black hen.,EN-R1-SSJKF,,,
6bb390c9e5,en,test,negation,"If the old yellow lion follows the young blue fox and the young blue fox does not follow the old yellow lion, a bell rings.","If the young blue fox is not followed by the old yellow lion and the old yellow lion is followed by the young blue fox, a bell rings.",EN-R1-SSJKF,,,
5a9dcbb66b,en,train,space,The young blue cow is in front of the small yellow bear and the young yellow mouse is behind the young yellow cow.,The small yellow bear is in front of the young blue cow and the young yellow cow is behind the young yellow mouse.,EN-R1-SSJKF,,,
b39e495a34,en,test,negation,"If the old yellow fox greets the large yellow horse and the large yellow horse does not greet the old yellow fox, a bell rings.","If the large yellow horse is not greeted by the old yellow fox and the old yellow fox is greeted by the large yellow horse, a bell rings.",EN-R1-SSJKF,,,
2a18b6c97c,en,train,space,The small black cow is to the left of the young black lion and the old yellow fox is to the right of the small red horse.,The young black lion is to the left of the small black cow and the small red horse is to the right of the old yellow fox.,EN-R1-SSJKF,,,
206e6f9165,en,train,negation,The large red hen does not greet the small green hen and the small green hen greets the large red hen.,The small green hen is greeted by the large red hen and the large red hen is not greeted by the small green hen.,EN-R1-SSJKF,,,
4c97227791,en,train,space,The old blue horse is below the large yellow cow and the small black bear is above the small blue cow.,The large yellow cow is above the old blue horse and the small blue cow is below the small black bear.,EN-R1-SSJKF,,,
38240fa737,en,test,roles,"If the young black hen greets the old green rabbit and the old green rabbit follows the young black hen, a bell rings.","If the old green rabbit is followed by the young black hen and the young black hen is greeted by the old green rabbit, a bell rings.",EN-R1-SSJKF,,,
fc6446c76e,en,dev_b,quantity,Someone says that there are five old white cats and two old white sheep.,Someone says that there are five old white sheep and two old white cats.,EN-R1-SSJKF,,,
2628ee5f76,en,dev_b,space,Someone says that the young white duck is behind the old black fox and the old red duck is in front of the small green cat.,Someone says that the old black fox is in front of the young white duck and the small green cat is behind the old red duck.,EN-R1-SSJKF,,,
3fe7b2e33d,en,dev_b,space,Someone says that the old blue duck is to the right of the small white mouse and the small blue rabbit is to the left of the large yellow cow.,Someone says that the small white mouse is to the left of the old blue duck and the large yellow cow is to the right of the small blue rabbit.,EN-R1-SSJKF,,,
76e54681be,en,train,roles,The small blue bear greets the small green fox and the small green fox follows the small blue bear.,The small green fox is greeted by the small blue bear and the small blue bear is followed by the small green fox.,EN-R1-SSJKF,,,
d46d220c81,en,dev_a,space,Is it true that the old yellow bear is to the left of the small green bear and the large red rabbit is to the right of the small green lion?,Is it true that the small green bear is to the right of the old yellow bear and the small green lion is to the left of the large red rabbit?,EN-R1-SSJKF,,,
4b30569079,en,test,negation,"If the small yellow sheep does not greet the young blue cat and the young blue cat greets the small yellow sheep, a bell rings.","If the young blue cat is greeted by the small yellow sheep and the small yellow sheep is not greeted by the young blue cat, a bell rings.",EN-R1-SSJKF,,,
a57c1035e0,en,dev_b,space,Someone says that the large green duck is to the right of the old black horse and the young black dog is to the left of the old green duck.,Someone says that the old black horse is to the right of the large green duck and the old green duck is to the left of the young black dog.,EN-R1-SSJKF,,,
fa28c81702,en,train,roles,The large black cat sees the old blue rabbit and the old blue rabbit greets the large black cat.,The old blue rabbit is seen by the large black cat and the large black cat is greeted by the old blue rabbit.,EN-R1-SSJKF,,,
823d0135f1,en,dev_b,roles,Someone says that the large red duck follows the old green duck and the old green duck sees the large red duck.,Someone says that the old green duck is followed by the large red duck and the large red duck is seen by the old green duck.,EN-R1-SSJKF,,,
b9f4759583,en,dev_b,negation,Someone says that the young red horse greets the old black cat and the old black cat does not greet the young red horse.,Someone says that the old black cat is not greeted by the young red horse and the young red horse is greeted by the old black cat.,EN-R1-SSJKF,,,
f70f2a4f62,en,dev_a,quantity,Is it true that there are five old yellow sheep and seven small yellow foxes?,Is it true that there are seven small yellow foxes and five old yellow sheep?,EN-R1-SSJKF,,,
61118cc782,en,dev_a,roles,Is it true that the small yellow mouse follows the large green lion and the large green lion greets the small yellow mouse?,Is it true that the large green lion is greeted by the small yellow mouse and the small yellow mouse is followed by the large green lion?,EN-R1-SSJKF,,,
d30776afb5,en,train,space,The old yellow rabbit is to the left of the young black bear and the small yellow horse is to the right of the large green cat.,The young black bear is to the right of the old yellow rabbit and the large green cat is to the left of the small yellow horse.,EN-R1-SSJKF,,,
a8a8c41d4e,en,train,roles,The small blue bear follows the young black bear and the young black bear sees the small blue bear.,The young black bear is seen by the small blue bear and the small blue bear is followed by the young black bear.,EN-R1-SSJKF,,,
a51c74b519,en,dev_b,negation,Someone says that the small yellow sheep does not follow the old blue hen and the old blue hen follows the small yellow sheep.,Someone says that the old blue hen is followed by the small yellow sheep and the small yellow sheep is not followed by the old blue hen.,EN-R1-SSJKF,,,
b26f6b6977,en,dev_a,quantity,Is it true that there are five small red horses and four old blue dogs?,Is it true that there are five old blue dogs and four small red horses?,EN-R1-SSJKF,,,
2e8aad7d6c,en,test,space,"If the old yellow mouse is in front of the small white rabbit and the old blue lion is behind the large white fox, a bell rings.","If the small white rabbit is behind the old yellow mouse and the large white fox is in front of the old blue lion, a bell rings.",EN-R1-SSJKF,,,
bb32a4e778,en,test,quantity,"If there are seven large blue foxes and six large black dogs, a bell rings.","If there are six large black dogs and seven large blue foxes, a bell rings.",EN-R1-SSJKF,,,
3071e2f59b,en,test,negation,"If the large red cow sees the large black cow and the large black cow does not see the large red cow, a bell rings.","If the large black cow is not seen by the large red cow and the large red cow is seen by the large black cow, a bell rings.",EN-R1-SSJKF,,,
8875120372,en,dev_b,negation,Someone says that the small blue lion greets the small white rabbit and the small white rabbit does not greet the small blue lion.,Someone says that the small white rabbit is greeted by the small blue lion and the small blue lion is not greeted by the small white rabbit.,EN-R1-SSJKF,,,
30bb60c2a9,en,dev_b,roles,Someone says that the old green sheep sees the old white cat and the old white cat greets the old green sheep.,Someone says that the old white cat is seen by the old green sheep and the old green sheep is greeted by the old white cat.,EN-R1-SSJKF,,,
eca682dfa5,en,dev_a,negation,Is it true that the small black mouse does not see the large yellow hen and the large yellow hen sees the small black mouse?,Is it true that the large yellow hen is not seen by the small black mouse and the small black mouse is seen by the large yellow hen?,EN-R1-SSJKF,,,
d8dcb347b5,en,test,space,"If the old blue lion is to the right of the old red dog and the small black sheep is to the left of the small yellow bear, a bell rings.","If the old red dog is to the left of the old blue lion and the small yellow bear is to the right of the small black sheep, a bell rings.",EN-R1-SSJKF,,,
8c24a03e40,en,test,roles,"If the young green cat follows the large green dog and the large green dog greets the young green cat, a bell rings.","If the large green dog is followed by the young green cat and the young green cat is greeted by the large green dog, a bell rings.",EN-R1-SSJKF,,,
f9237561ec,en,train,space,The young red cat is to the right of the large white cow and the large green rabbit is to the left of the young red rabbit.,The large white cow is to the right of the young red cat and the young red rabbit is to the left of the large green rabbit.,EN-R1-SSJKF,,,
96aaeed9dd,en,test,quantity,"If there are five old green foxes and eight young red sheep, a bell rings.","If there are five young red sheep and eight old green foxes, a bell rings.",EN-R1-SSJKF,,,
8f040e557a,en,test,negation,"If the large white cat greets the old red cow and the old red cow does not greet the large white cat, a bell rings.","If the old red cow is greeted by the large white cat and the large white cat is not greeted by the old red cow, a bell rings.",EN-R1-SSJKF,,,
6f1de75a6e,en,dev_b,roles,Someone says that the small white cow follows the small white duck and the small white duck greets the small white cow.,Someone says that the small white duck is followed by the small white cow and the small white cow is greeted by the small white duck.,EN-R1-SSJKF,,,
8b995a4849,en,dev_a,space,Is it true that the old red mouse is below the small white duck and the old yellow bear is above the young white mouse?,Is it true that the small white duck is below the old red mouse and the young white mouse is above the old yellow bear?,EN-R1-SSJKF,,,
cec4dc8c11,en,train,space,The old black lion is below the large red fox and the young yellow duck is above the young red dog.,The large red fox is below the old black lion and the young red dog is above the young yellow duck.,EN-R1-SSJKF,,,
68f385ed44,en,dev_b,space,Someone says that the small green sheep is to the right of the young black cow and the small black cow is to the left of the young black lion.,Someone says that the young black cow is to the right of the small green sheep and the young black lion is to the left of the small black cow.,EN-R1-SSJKF,,,
36f3a79a8e,en,test,space,"If the small white horse is below the old yellow cat and the old green lion is above the large yellow bear, a bell rings.","If the old yellow cat is below the small white horse and the large yellow bear is above the old green lion, a bell rings.",EN-R1-SSJKF,,,
88f37600a0,en,test,negation,"If the small yellow mouse does not greet the small yellow cow and the small yellow cow greets the small yellow mouse, a bell rings.","If the small yellow cow is not greeted by the small yellow mouse and the small yellow mouse is greeted by the small yellow cow, a bell rings.",EN-R1-SSJKF,,,
4f3e3e4d2e,en,train,negation,The old red bear does not greet the large blue cat and the large blue cat greets the old red bear.,The large blue cat is not greeted by the old red bear and the old red bear is greeted by the large blue cat.,EN-R1-SSJKF,,,
48f5acb90a,en,train,space,The young green lion is to the left of the small green bear and the large red fox is to the right of the small black rabbit.,The small green bear is to the right of the young green lion and the small black rabbit is to the left of the large red fox.,EN-R1-SSJKF,,,
f87a698d24,en,dev_b,roles,Someone says that the small green dog sees the small black fox and the small black fox follows the small green dog.,Someone says that the small black fox is followed by the small green dog and the small green dog is seen by the small black fox.,EN-R1-SSJKF,,,
65a7a627b8,en,train,quantity,There are seven small blue ducks and five old black horses.,There are five old black horses and seven small blue ducks.,EN-R1-SSJKF,,,
30d647eb59,en,train,roles,The young black mouse greets the small black cow and the small black cow sees the young black mouse.,The small black cow is greeted by the young black mouse and the young black mouse is seen by the small black cow.,EN-R1-SSJKF,,,
ba72242eb3,en,train,negation,The old black duck does not follow the old green mouse and the old green mouse follows the old black duck.,The old green mouse is not followed by the old black duck and the old black duck is followed by the old green mouse.,EN-R1-SSJKF,,,
5c46ac0bbc,en,test,quantity,"If there are two old yellow cats and four old yellow bears, a bell rings.","If there are four old yellow bears and two old yellow cats, a bell rings.",EN-R1-SSJKF,,,
4b75a48e67,en,dev_a,roles,Is it true that the small red lion follows the young black duck and the young black duck greets the small red lion?,Is it true that the young black duck is greeted by the small red lion and the small red lion is followed by the young black duck?,EN-R1-SSJKF,,,
badf7fe7f8,en,dev_a,quantity,Is it true that there are two small white horses and five young red foxes?,Is it true that there are five young red foxes and two small white horses?,EN-R1-SSJKF,,,
b927bb2259,en,dev_b,roles,Someone says that the old red rabbit sees the small blue hen and the small blue hen greets the old red rabbit.,Someone says that the small blue hen is greeted by the old red rabbit and the old red rabbit is seen by the small blue hen.,EN-R1-SSJKF,,,
9b59bdf0ad,en,test,space,"If the large black dog is below the small green dog and the young white lion is above the small red hen, a bell rings.","If the small green dog is above the large black dog and the small red hen is below the young white lion, a bell rings.",EN-R1-SSJKF,,,
8fe242642b,en,train,space,The large black duck is below the small white duck and the small yellow sheep is above the small black cow.,The small white duck is below the large black duck and the small black cow is above the small yellow sheep.,EN-R1-SSJKF,,,
c9cd22a36a,en,dev_b,quantity,Someone says that there are three young red horses and five small black cats.,Someone says that there are three small black cats and five young red horses.,EN-R1-SSJKF,,,
7f9c0d017e,en,train,quantity,There are four old red cows and five small white foxes.,There are four small white foxes and five old red cows.,EN-R1-SSJKF,,,
1d4235b398,en,dev_b,quantity,Someone says that there are six old red rabbits and eight old blue lions.,Someone says that there are eight old blue lions and six old red rabbits.,EN-R1-SSJKF,,,
9036675b7b,en,train,roles,The small red cow sees the small blue hen and the small blue hen follows the small red cow.,The small blue hen is seen by the small red cow and the small red cow is followed by the small blue hen.,EN-R1-SSJKF,,,
cc2a7a80e3,en,dev_a,space,Is it true that the old black cat is above the young black cow and the young white cat is below the old green horse?,Is it true that the young black cow is above the old black cat and the old green horse is below the young white cat?,EN-R1-SSJKF,,,
16ad8007bf,en,train,quantity,There are seven old green cats and five young blue lions.,There are seven young blue lions and five old green cats.,EN-R1-SSJKF,,,
ec3c9eef26,en,train,space,The young blue hen is to the left of the small yellow lion and the small red cat is to the right of the old green sheep.,The small yellow lion is to the right of the young blue hen and the old green sheep is to the left of the small red cat.,EN-R1-SSJKF,,,
294400b34f,en,test,roles,"If the small black dog greets the large blue horse and the large blue horse follows the small black dog, a bell rings.","If the large blue horse is greeted by the small black dog and the small black dog is followed by the large blue horse, a bell rings.",EN-R1-SSJKF,,,
25358a9efa,en,train,negation,The large black rabbit follows the old yellow hen and the old yellow hen does not follow the large black rabbit.,The old yellow hen is followed by the large black rabbit and the large black rabbit is not followed by the old yellow hen.,EN-R1-SSJKF,,,
606d932ee6,en,test,space,"If the old white rabbit is behind the small red hen and the old yellow duck is in front of the large white mouse, a bell rings.","If the small red hen is in front of the old white rabbit and the large white mouse is behind the old yellow duck, a bell rings.",EN-R1-SSJKF,,,
c892c51512,en,dev_a,space,Is it true that the old black fox is to the right of the young black cow and the young red cat is to the left of the young black horse?,Is it true that the young black cow is to the right of the old black fox and the young black horse is to the left of the young red cat?,EN-R1-SSJKF,,,
e97c031c6f,en,train,negation,The young yellow dog follows the young green mouse and the young green mouse does not follow the young yellow dog.,The young green mouse is not followed by the young yellow dog and the young yellow dog is followed by the young green mouse.,EN-R1-SSJKF,,,
354fb57f0f,en,dev_b,quantity,Someone says that there are five small white hens and two young yellow mice.,Someone says that there are two young yellow mice and five small white hens.,EN-R1-SSJKF,,,
4325b0c0f4,en,train,quantity,There are five old white mice and three old yellow mice.,There are three old yellow mice and five old white mice.,EN-R1-SSJKF,,,
54cd35d663,en,train,quantity,There are six small black mice and five large red bears.,There are five large red bears and six small black mice.,EN-R1-SSJKF,,,
bc5280be98,en,dev_a,negation,Is it true that the old red cat does not greet the young yellow duck and the young yellow duck greets the old red cat?,Is it true that the young yellow duck is greeted by the old red cat and the old red cat is not greeted by the young yellow duck?,EN-R1-SSJKF,,,
342f9420b0,en,train,roles,The small green lion sees the young red sheep and the young red sheep greets the small green lion.,The young red sheep is greeted by the small green lion and the small green lion is seen by the young red sheep.,EN-R1-SSJKF,,,
d91e677d3c,en,dev_a,negation,Is it true that the young white dog follows the young green cow and the young green cow does not follow the young white dog?,Is it true that the young green cow is not followed by the young white dog and the young white dog is followed by the young green cow?,EN-R1-SSJKF,,,
