language,noun,color,size,case,count_index,surface
ko,0,0,0,nom,,작은 빨간 개가
ko,0,0,0,acc,,작은 빨간 개를
ko,0,0,0,dat,,작은 빨간 개
ko,0,0,0,plural,0,작은 빨간 개 두 마리
ko,0,0,0,plural,1,작은 빨간 개 세 마리
ko,0,0,0,plural,2,작은 빨간 개 네 마리
ko,0,0,0,plural,3,작은 빨간 개 다섯 마리
ko,0,0,0,plural,4,작은 빨간 개 여섯 마리
ko,0,0,0,plural,5,작은 빨간 개 일곱 마리
ko,0,0,0,plural,6,작은 빨간 개 여덟 마리
ko,0,0,1,nom,,큰 빨간 개가
ko,0,0,1,acc,,큰 빨간 개를
ko,0,0,1,dat,,큰 빨간 개
ko,0,0,1,plural,0,큰 빨간 개 두 마리
ko,0,0,1,plural,1,큰 빨간 개 세 마리
ko,0,0,1,plural,2,큰 빨간 개 네 마리
ko,0,0,1,plural,3,큰 빨간 개 다섯 마리
ko,0,0,1,plural,4,큰 빨간 개 여섯 마리
ko,0,0,1,plural,5,큰 빨간 개 일곱 마리
ko,0,0,1,plural,6,큰 빨간 개 여덟 마리
ko,0,0,2,nom,,어린 빨간 개가
ko,0,0,2,acc,,어린 빨간 개를
ko,0,0,2,dat,,어린 빨간 개
ko,0,0,2,plural,0,어린 빨간 개 두 마리
ko,0,0,2,plural,1,어린 빨간 개 세 마리
ko,0,0,2,plural,2,어린 빨간 개 네 마리
ko,0,0,2,plural,3,어린 빨간 개 다섯 마리
ko,0,0,2,plural,4,어린 빨간 개 여섯 마리
ko,0,0,2,plural,5,어린 빨간 개 일곱 마리
ko,0,0,2,plural,6,어린 빨간 개 여덟 마리
ko,0,0,3,nom,,늙은 빨간 개가
ko,0,0,3,acc,,늙은 빨간 개를
ko,0,0,3,dat,,늙은 빨간 개
ko,0,0,3,plural,0,늙은 빨간 개 두 마리
ko,0,0,3,plural,1,늙은 빨간 개 세 마리
ko,0,0,3,plural,2,늙은 빨간 개 네 마리
ko,0,0,3,plural,3,늙은 빨간 개 다섯 마리
ko,0,0,3,plural,4,늙은 빨간 개 여섯 마리
ko,0,0,3,plural,5,늙은 빨간 개 일곱 마리
ko,0,0,3,plural,6,늙은 빨간 개 여덟 마리
ko,0,1,0,nom,,작은 파란 개가
ko,0,1,0,acc,,작은 파란 개를
ko,0,1,0,dat,,작은 파란 개
ko,0,1,0,plural,0,작은 파란 개 두 마리
ko,0,1,0,plural,1,작은 파란 개 세 마리
ko,0,1,0,plural,2,작은 파란 개 네 마리
ko,0,1,0,plural,3,작은 파란 개 다섯 마리
ko,0,1,0,plural,4,작은 파란 개 여섯 마리
ko,0,1,0,plural,5,작은 파란 개 일곱 마리
ko,0,1,0,plural,6,작은 파란 개 여덟 마리
ko,0,1,1,nom,,큰 파란 개가
ko,0,1,1,acc,,큰 파란 개를
ko,0,1,1,dat,,큰 파란 개
ko,0,1,1,plural,0,큰 파란 개 두 마리
ko,0,1,1,plural,1,큰 파란 개 세 마리
ko,0,1,1,plural,2,큰 파란 개 네 마리
ko,0,1,1,plural,3,큰 파란 개 다섯 마리
ko,0,1,1,plural,4,큰 파란 개 여섯 마리
ko,0,1,1,plural,5,큰 파란 개 일곱 마리
ko,0,1,1,plural,6,큰 파란 개 여덟 마리
ko,0,1,2,nom,,어린 파란 개가
ko,0,1,2,acc,,어린 파란 개를
ko,0,1,2,dat,,어린 파란 개
ko,0,1,2,plural,0,어린 파란 개 두 마리
ko,0,1,2,plural,1,어린 파란 개 세 마리
ko,0,1,2,plural,2,어린 파란 개 네 마리
ko,0,1,2,plural,3,어린 파란 개 다섯 마리
ko,0,1,2,plural,4,어린 파란 개 여섯 마리
ko,0,1,2,plural,5,어린 파란 개 일곱 마리
ko,0,1,2,plural,6,어린 파란 개 여덟 마리
ko,0,1,3,nom,,늙은 파란 개가
ko,0,1,3,acc,,늙은 파란 개를
ko,0,1,3,dat,,늙은 파란 개
ko,0,1,3,plural,0,늙은 파란 개 두 마리
ko,0,1,3,plural,1,늙은 파란 개 세 마리
ko,0,1,3,plural,2,늙은 파란 개 네 마리
ko,0,1,3,plural,3,늙은 파란 개 다섯 마리
ko,0,1,3,plural,4,늙은 파란 개 여섯 마리
ko,0,1,3,plural,5,늙은 파란 개 일곱 마리
ko,0,1,3,plural,6,늙은 파란 개 여덟 마리
ko,0,2,0,nom,,작은 초록색 개가
ko,0,2,0,acc,,작은 초록색 개를
ko,0,2,0,dat,,작은 초록색 개
ko,0,2,0,plural,0,작은 초록색 개 두 마리
ko,0,2,0,plural,1,작은 초록색 개 세 마리
ko,0,2,0,plural,2,작은 초록색 개 네 마리
ko,0,2,0,plural,3,작은 초록색 개 다섯 마리
ko,0,2,0,plural,4,작은 초록색 개 여섯 마리
ko,0,2,0,plural,5,작은 초록색 개 일곱 마리
ko,0,2,0,plural,6,작은 초록색 개 여덟 마리
ko,0,2,1,nom,,큰 초록색 개가
ko,0,2,1,acc,,큰 초록색 개를
ko,0,2,1,dat,,큰 초록색 개
ko,0,2,1,plural,0,큰 초록색 개 두 마리
ko,0,2,1,plural,1,큰 초록색 개 세 마리
ko,0,2,1,plural,2,큰 초록색 개 네 마리
ko,0,2,1,plural,3,큰 초록색 개 다섯 마리
ko,0,2,1,plural,4,큰 초록색 개 여섯 마리
ko,0,2,1,plural,5,큰 초록색 개 일곱 마리
ko,0,2,1,plural,6,큰 초록색 개 여덟 마리
ko,0,2,2,nom,,어린 초록색 개가
ko,0,2,2,acc,,어린 초록색 개를
ko,0,2,2,dat,,어린 초록색 개
ko,0,2,2,plural,0,어린 초록색 개 두 마리
ko,0,2,2,plural,1,어린 초록색 개 세 마리
ko,0,2,2,plural,2,어린 초록색 개 네 마리
ko,0,2,2,plural,3,어린 초록색 개 다섯 마리
ko,0,2,2,plural,4,어린 초록색 개 여섯 마리
ko,0,2,2,plural,5,어린 초록색 개 일곱 마리
ko,0,2,2,plural,6,어린 초록색 개 여덟 마리
ko,0,2,3,nom,,늙은 초록색 개가
ko,0,2,3,acc,,늙은 초록색 개를
ko,0,2,3,dat,,늙은 초록색 개
ko,0,2,3,plural,0,늙은 초록색 개 두 마리
ko,0,2,3,plural,1,늙은 초록색 개 세 마리
ko,0,2,3,plural,2,늙은 초록색 개 네 마리
ko,0,2,3,plural,3,늙은 초록색 개 다섯 마리
ko,0,2,3,plural,4,늙은 초록색 개 여섯 마리
ko,0,2,3,plural,5,늙은 초록색 개 일곱 마리
ko,0,2,3,plural,6,늙은 초록색 개 여덟 마리
ko,0,3,0,nom,,작은 노란 개가
ko,0,3,0,acc,,작은 노란 개를
ko,0,3,0,dat,,작은 노란 개
ko,0,3,0,plural,0,작은 노란 개 두 마리
ko,0,3,0,plural,1,작은 노란 개 세 마리
ko,0,3,0,plural,2,작은 노란 개 네 마리
ko,0,3,0,plural,3,작은 노란 개 다섯 마리
ko,0,3,0,plural,4,작은 노란 개 여섯 마리
ko,0,3,0,plural,5,작은 노란 개 일곱 마리
ko,0,3,0,plural,6,작은 노란 개 여덟 마리
ko,0,3,1,nom,,큰 노란 개가
ko,0,3,1,acc,,큰 노란 개를
ko,0,3,1,dat,,큰 노란 개
ko,0,3,1,plural,0,큰 노란 개 두 마리
ko,0,3,1,plural,1,큰 노란 개 세 마리
ko,0,3,1,plural,2,큰 노란 개 네 마리
ko,0,3,1,plural,3,큰 노란 개 다섯 마리
ko,0,3,1,plural,4,큰 노란 개 여섯 마리
ko,0,3,1,plural,5,큰 노란 개 일곱 마리
ko,0,3,1,plural,6,큰 노란 개 여덟 마리
ko,0,3,2,nom,,어린 노란 개가
ko,0,3,2,acc,,어린 노란 개를
ko,0,3,2,dat,,어린 노란 개
ko,0,3,2,plural,0,어린 노란 개 두 마리
ko,0,3,2,plural,1,어린 노란 개 세 마리
ko,0,3,2,plural,2,어린 노란 개 네 마리
ko,0,3,2,plural,3,어린 노란 개 다섯 마리
ko,0,3,2,plural,4,어린 노란 개 여섯 마리
ko,0,3,2,plural,5,어린 노란 개 일곱 마리
ko,0,3,2,plural,6,어린 노란 개 여덟 마리
ko,0,3,3,nom,,늙은 노란 개가
ko,0,3,3,acc,,늙은 노란 개를
ko,0,3,3,dat,,늙은 노란 개
ko,0,3,3,plural,0,늙은 노란 개 두 마리
ko,0,3,3,plural,1,늙은 노란 개 세 마리
ko,0,3,3,plural,2,늙은 노란 개 네 마리
ko,0,3,3,plural,3,늙은 노란 개 다섯 마리
ko,0,3,3,plural,4,늙은 노란 개 여섯 마리
ko,0,3,3,plural,5,늙은 노란 개 일곱 마리
ko,0,3,3,plural,6,늙은 노란 개 여덟 마리
ko,0,4,0,nom,,작은 검은 개가
ko,0,4,0,acc,,작은 검은 개를
ko,0,4,0,dat,,작은 검은 개
ko,0,4,0,plural,0,작은 검은 개 두 마리
ko,0,4,0,plural,1,작은 검은 개 세 마리
ko,0,4,0,plural,2,작은 검은 개 네 마리
ko,0,4,0,plural,3,작은 검은 개 다섯 마리
ko,0,4,0,plural,4,작은 검은 개 여섯 마리
ko,0,4,0,plural,5,작은 검은 개 일곱 마리
ko,0,4,0,plural,6,작은 검은 개 여덟 마리
ko,0,4,1,nom,,큰 검은 개가
ko,0,4,1,acc,,큰 검은 개를
ko,0,4,1,dat,,큰 검은 개
ko,0,4,1,plural,0,큰 검은 개 두 마리
ko,0,4,1,plural,1,큰 검은 개 세 마리
ko,0,4,1,plural,2,큰 검은 개 네 마리
ko,0,4,1,plural,3,큰 검은 개 다섯 마리
ko,0,4,1,plural,4,큰 검은 개 여섯 마리
ko,0,4,1,plural,5,큰 검은 개 일곱 마리
ko,0,4,1,plural,6,큰 검은 개 여덟 마리
ko,0,4,2,nom,,어린 검은 개가
ko,0,4,2,acc,,어린 검은 개를
ko,0,4,2,dat,,어린 검은 개
ko,0,4,2,plural,0,어린 검은 개 두 마리
ko,0,4,2,plural,1,어린 검은 개 세 마리
ko,0,4,2,plural,2,어린 검은 개 네 마리
ko,0,4,2,plural,3,어린 검은 개 다섯 마리
ko,0,4,2,plural,4,어린 검은 개 여섯 마리
ko,0,4,2,plural,5,어린 검은 개 일곱 마리
ko,0,4,2,plural,6,어린 검은 개 여덟 마리
ko,0,4,3,nom,,늙은 검은 개가
ko,0,4,3,acc,,늙은 검은 개를
ko,0,4,3,dat,,늙은 검은 개
ko,0,4,3,plural,0,늙은 검은 개 두 마리
ko,0,4,3,plural,1,늙은 검은 개 세 마리
ko,0,4,3,plural,2,늙은 검은 개 네 마리
ko,0,4,3,plural,3,늙은 검은 개 다섯 마리
ko,0,4,3,plural,4,늙은 검은 개 여섯 마리
ko,0,4,3,plural,5,늙은 검은 개 일곱 마리
ko,0,4,3,plural,6,늙은 검은 개 여덟 마리
ko,0,5,0,nom,,작은 하얀 개가
ko,0,5,0,acc,,작은 하얀 개를
ko,0,5,0,dat,,작은 하얀 개
ko,0,5,0,plural,0,작은 하얀 개 두 마리
ko,0,5,0,plural,1,작은 하얀 개 세 마리
ko,0,5,0,plural,2,작은 하얀 개 네 마리
ko,0,5,0,plural,3,작은 하얀 개 다섯 마리
ko,0,5,0,plural,4,작은 하얀 개 여섯 마리
ko,0,5,0,plural,5,작은 하얀 개 일곱 마리
ko,0,5,0,plural,6,작은 하얀 개 여덟 마리
ko,0,5,1,nom,,큰 하얀 개가
ko,0,5,1,acc,,큰 하얀 개를
ko,0,5,1,dat,,큰 하얀 개
ko,0,5,1,plural,0,큰 하얀 개 두 마리
ko,0,5,1,plural,1,큰 하얀 개 세 마리
ko,0,5,1,plural,2,큰 하얀 개 네 마리
ko,0,5,1,plural,3,큰 하얀 개 다섯 마리
ko,0,5,1,plural,4,큰 하얀 개 여섯 마리
ko,0,5,1,plural,5,큰 하얀 개 일곱 마리
ko,0,5,1,plural,6,큰 하얀 개 여덟 마리
ko,0,5,2,nom,,어린 하얀 개가
ko,0,5,2,acc,,어린 하얀 개를
ko,0,5,2,dat,,어린 하얀 개
ko,0,5,2,plural,0,어린 하얀 개 두 마리
ko,0,5,2,plural,1,어린 하얀 개 세 마리
ko,0,5,2,plural,2,어린 하얀 개 네 마리
ko,0,5,2,plural,3,어린 하얀 개 다섯 마리
ko,0,5,2,plural,4,어린 하얀 개 여섯 마리
ko,0,5,2,plural,5,어린 하얀 개 일곱 마리
ko,0,5,2,plural,6,어린 하얀 개 여덟 마리
ko,0,5,3,nom,,늙은 하얀 개가
ko,0,5,3,acc,,늙은 하얀 개를
ko,0,5,3,dat,,늙은 하얀 개
ko,0,5,3,plural,0,늙은 하얀 개 두 마리
ko,0,5,3,plural,1,늙은 하얀 개 세 마리
ko,0,5,3,plural,2,늙은 하얀 개 네 마리
ko,0,5,3,plural,3,늙은 하얀 개 다섯 마리
ko,0,5,3,plural,4,늙은 하얀 개 여섯 마리
ko,0,5,3,plural,5,늙은 하얀 개 일곱 마리
ko,0,5,3,plural,6,늙은 하얀 개 여덟 마리
ko,1,0,0,nom,,작은 빨간 여우가
ko,1,0,0,acc,,작은 빨간 여우를
ko,1,0,0,dat,,작은 빨간 여우
ko,1,0,0,plural,0,작은 빨간 여우 두 마리
ko,1,0,0,plural,1,작은 빨간 여우 세 마리
ko,1,0,0,plural,2,작은 빨간 여우 네 마리
ko,1,0,0,plural,3,작은 빨간 여우 다섯 마리
ko,1,0,0,plural,4,작은 빨간 여우 여섯 마리
ko,1,0,0,plural,5,작은 빨간 여우 일곱 마리
ko,1,0,0,plural,6,작은 빨간 여우 여덟 마리
ko,1,0,1,nom,,큰 빨간 여우가
ko,1,0,1,acc,,큰 빨간 여우를
ko,1,0,1,dat,,큰 빨간 여우
ko,1,0,1,plural,0,큰 빨간 여우 두 마리
ko,1,0,1,plural,1,큰 빨간 여우 세 마리
ko,1,0,1,plural,2,큰 빨간 여우 네 마리
ko,1,0,1,plural,3,큰 빨간 여우 다섯 마리
ko,1,0,1,plural,4,큰 빨간 여우 여섯 마리
ko,1,0,1,plural,5,큰 빨간 여우 일곱 마리
ko,1,0,1,plural,6,큰 빨간 여우 여덟 마리
ko,1,0,2,nom,,어린 빨간 여우가
ko,1,0,2,acc,,어린 빨간 여우를
ko,1,0,2,dat,,어린 빨간 여우
ko,1,0,2,plural,0,어린 빨간 여우 두 마리
ko,1,0,2,plural,1,어린 빨간 여우 세 마리
ko,1,0,2,plural,2,어린 빨간 여우 네 마리
ko,1,0,2,plural,3,어린 빨간 여우 다섯 마리
ko,1,0,2,plural,4,어린 빨간 여우 여섯 마리
ko,1,0,2,plural,5,어린 빨간 여우 일곱 마리
ko,1,0,2,plural,6,어린 빨간 여우 여덟 마리
ko,1,0,3,nom,,늙은 빨간 여우가
ko,1,0,3,acc,,늙은 빨간 여우를
ko,1,0,3,dat,,늙은 빨간 여우
ko,1,0,3,plural,0,늙은 빨간 여우 두 마리
ko,1,0,3,plural,1,늙은 빨간 여우 세 마리
ko,1,0,3,plural,2,늙은 빨간 여우 네 마리
ko,1,0,3,plural,3,늙은 빨간 여우 다섯 마리
ko,1,0,3,plural,4,늙은 빨간 여우 여섯 마리
ko,1,0,3,plural,5,늙은 빨간 여우 일곱 마리
ko,1,0,3,plural,6,늙은 빨간 여우 여덟 마리
ko,1,1,0,nom,,작은 파란 여우가
ko,1,1,0,acc,,작은 파란 여우를
ko,1,1,0,dat,,작은 파란 여우
ko,1,1,0,plural,0,작은 파란 여우 두 마리
ko,1,1,0,plural,1,작은 파란 여우 세 마리
ko,1,1,0,plural,2,작은 파란 여우 네 마리
ko,1,1,0,plural,3,작은 파란 여우 다섯 마리
ko,1,1,0,plural,4,작은 파란 여우 여섯 마리
ko,1,1,0,plural,5,작은 파란 여우 일곱 마리
ko,1,1,0,plural,6,작은 파란 여우 여덟 마리
ko,1,1,1,nom,,큰 파란 여우가
ko,1,1,1,acc,,큰 파란 여우를
ko,1,1,1,dat,,큰 파란 여우
ko,1,1,1,plural,0,큰 파란 여우 두 마리
ko,1,1,1,plural,1,큰 파란 여우 세 마리
ko,1,1,1,plural,2,큰 파란 여우 네 마리
ko,1,1,1,plural,3,큰 파란 여우 다섯 마리
ko,1,1,1,plural,4,큰 파란 여우 여섯 마리
ko,1,1,1,plural,5,큰 파란 여우 일곱 마리
ko,1,1,1,plural,6,큰 파란 여우 여덟 마리
ko,1,1,2,nom,,어린 파란 여우가
ko,1,1,2,acc,,어린 파란 여우를
ko,1,1,2,dat,,어린 파란 여우
ko,1,1,2,plural,0,어린 파란 여우 두 마리
ko,1,1,2,plural,1,어린 파란 여우 세 마리
ko,1,1,2,plural,2,어린 파란 여우 네 마리
ko,1,1,2,plural,3,어린 파란 여우 다섯 마리
ko,1,1,2,plural,4,어린 파란 여우 여섯 마리
ko,1,1,2,plural,5,어린 파란 여우 일곱 마리
ko,1,1,2,plural,6,어린 파란 여우 여덟 마리
ko,1,1,3,nom,,늙은 파란 여우가
ko,1,1,3,acc,,늙은 파란 여우를
ko,1,1,3,dat,,늙은 파란 여우
ko,1,1,3,plural,0,늙은 파란 여우 두 마리
ko,1,1,3,plural,1,늙은 파란 여우 세 마리
ko,1,1,3,plural,2,늙은 파란 여우 네 마리
ko,1,1,3,plural,3,늙은 파란 여우 다섯 마리
ko,1,1,3,plural,4,늙은 파란 여우 여섯 마리
ko,1,1,3,plural,5,늙은 파란 여우 일곱 마리
ko,1,1,3,plural,6,늙은 파란 여우 여덟 마리
ko,1,2,0,nom,,작은 초록색 여우가
ko,1,2,0,acc,,작은 초록색 여우를
ko,1,2,0,dat,,작은 초록색 여우
ko,1,2,0,plural,0,작은 초록색 여우 두 마리
ko,1,2,0,plural,1,작은 초록색 여우 세 마리
ko,1,2,0,plural,2,작은 초록색 여우 네 마리
ko,1,2,0,plural,3,작은 초록색 여우 다섯 마리
ko,1,2,0,plural,4,작은 초록색 여우 여섯 마리
ko,1,2,0,plural,5,작은 초록색 여우 일곱 마리
ko,1,2,0,plural,6,작은 초록색 여우 여덟 마리
ko,1,2,1,nom,,큰 초록색 여우가
ko,1,2,1,acc,,큰 초록색 여우를
ko,1,2,1,dat,,큰 초록색 여우
ko,1,2,1,plural,0,큰 초록색 여우 두 마리
ko,1,2,1,plural,1,큰 초록색 여우 세 마리
ko,1,2,1,plural,2,큰 초록색 여우 네 마리
ko,1,2,1,plural,3,큰 초록색 여우 다섯 마리
ko,1,2,1,plural,4,큰 초록색 여우 여섯 마리
ko,1,2,1,plural,5,큰 초록색 여우 일곱 마리
ko,1,2,1,plural,6,큰 초록색 여우 여덟 마리
ko,1,2,2,nom,,어린 초록색 여우가
ko,1,2,2,acc,,어린 초록색 여우를
ko,1,2,2,dat,,어린 초록색 여우
ko,1,2,2,plural,0,어린 초록색 여우 두 마리
ko,1,2,2,plural,1,어린 초록색 여우 세 마리
ko,1,2,2,plural,2,어린 초록색 여우 네 마리
ko,1,2,2,plural,3,어린 초록색 여우 다섯 마리
ko,1,2,2,plural,4,어린 초록색 여우 여섯 마리
ko,1,2,2,plural,5,어린 초록색 여우 일곱 마리
ko,1,2,2,plural,6,어린 초록색 여우 여덟 마리
ko,1,2,3,nom,,늙은 초록색 여우가
ko,1,2,3,acc,,늙은 초록색 여우를
ko,1,2,3,dat,,늙은 초록색 여우
ko,1,2,3,plural,0,늙은 초록색 여우 두 마리
ko,1,2,3,plural,1,늙은 초록색 여우 세 마리
ko,1,2,3,plural,2,늙은 초록색 여우 네 마리
ko,1,2,3,plural,3,늙은 초록색 여우 다섯 마리
ko,1,2,3,plural,4,늙은 초록색 여우 여섯 마리
ko,1,2,3,plural,5,늙은 초록색 여우 일곱 마리
ko,1,2,3,plural,6,늙은 초록색 여우 여덟 마리
ko,1,3,0,nom,,작은 노란 여우가
ko,1,3,0,acc,,작은 노란 여우를
ko,1,3,0,dat,,작은 노란 여우
ko,1,3,0,plural,0,작은 노란 여우 두 마리
ko,1,3,0,plural,1,작은 노란 여우 세 마리
ko,1,3,0,plural,2,작은 노란 여우 네 마리
ko,1,3,0,plural,3,작은 노란 여우 다섯 마리
ko,1,3,0,plural,4,작은 노란 여우 여섯 마리
ko,1,3,0,plural,5,작은 노란 여우 일곱 마리
ko,1,3,0,plural,6,작은 노란 여우 여덟 마리
ko,1,3,1,nom,,큰 노란 여우가
ko,1,3,1,acc,,큰 노란 여우를
ko,1,3,1,dat,,큰 노란 여우
ko,1,3,1,plural,0,큰 노란 여우 두 마리
ko,1,3,1,plural,1,큰 노란 여우 세 마리
ko,1,3,1,plural,2,큰 노란 여우 네 마리
ko,1,3,1,plural,3,큰 노란 여우 다섯 마리
ko,1,3,1,plural,4,큰 노란 여우 여섯 마리
ko,1,3,1,plural,5,큰 노란 여우 일곱 마리
ko,1,3,1,plural,6,큰 노란 여우 여덟 마리
ko,1,3,2,nom,,어린 노란 여우가
ko,1,3,2,acc,,어린 노란 여우를
ko,1,3,2,dat,,어린 노란 여우
ko,1,3,2,plural,0,어린 노란 여우 두 마리
ko,1,3,2,plural,1,어린 노란 여우 세 마리
ko,1,3,2,plural,2,어린 노란 여우 네 마리
ko,1,3,2,plural,3,어린 노란 여우 다섯 마리
ko,1,3,2,plural,4,어린 노란 여우 여섯 마리
ko,1,3,2,plural,5,어린 노란 여우 일곱 마리
ko,1,3,2,plural,6,어린 노란 여우 여덟 마리
ko,1,3,3,nom,,늙은 노란 여우가
ko,1,3,3,acc,,늙은 노란 여우를
ko,1,3,3,dat,,늙은 노란 여우
ko,1,3,3,plural,0,늙은 노란 여우 두 마리
ko,1,3,3,plural,1,늙은 노란 여우 세 마리
ko,1,3,3,plural,2,늙은 노란 여우 네 마리
ko,1,3,3,plural,3,늙은 노란 여우 다섯 마리
ko,1,3,3,plural,4,늙은 노란 여우 여섯 마리
ko,1,3,3,plural,5,늙은 노란 여우 일곱 마리
ko,1,3,3,plural,6,늙은 노란 여우 여덟 마리
ko,1,4,0,nom,,작은 검은 여우가
ko,1,4,0,acc,,작은 검은 여우를
ko,1,4,0,dat,,작은 검은 여우
ko,1,4,0,plural,0,작은 검은 여우 두 마리
ko,1,4,0,plural,1,작은 검은 여우 세 마리
ko,1,4,0,plural,2,작은 검은 여우 네 마리
ko,1,4,0,plural,3,작은 검은 여우 다섯 마리
ko,1,4,0,plural,4,작은 검은 여우 여섯 마리
ko,1,4,0,plural,5,작은 검은 여우 일곱 마리
ko,1,4,0,plural,6,작은 검은 여우 여덟 마리
ko,1,4,1,nom,,큰 검은 여우가
ko,1,4,1,acc,,큰 검은 여우를
ko,1,4,1,dat,,큰 검은 여우
ko,1,4,1,plural,0,큰 검은 여우 두 마리
ko,1,4,1,plural,1,큰 검은 여우 세 마리
ko,1,4,1,plural,2,큰 검은 여우 네 마리
ko,1,4,1,plural,3,큰 검은 여우 다섯 마리
ko,1,4,1,plural,4,큰 검은 여우 여섯 마리
ko,1,4,1,plural,5,큰 검은 여우 일곱 마리
ko,1,4,1,plural,6,큰 검은 여우 여덟 마리
ko,1,4,2,nom,,어린 검은 여우가
ko,1,4,2,acc,,어린 검은 여우를
ko,1,4,2,dat,,어린 검은 여우
ko,1,4,2,plural,0,어린 검은 여우 두 마리
ko,1,4,2,plural,1,어린 검은 여우 세 마리
ko,1,4,2,plural,2,어린 검은 여우 네 마리
ko,1,4,2,plural,3,어린 검은 여우 다섯 마리
ko,1,4,2,plural,4,어린 검은 여우 여섯 마리
ko,1,4,2,plural,5,어린 검은 여우 일곱 마리
ko,1,4,2,plural,6,어린 검은 여우 여덟 마리
ko,1,4,3,nom,,늙은 검은 여우가
ko,1,4,3,acc,,늙은 검은 여우를
ko,1,4,3,dat,,늙은 검은 여우
ko,1,4,3,plural,0,늙은 검은 여우 두 마리
ko,1,4,3,plural,1,늙은 검은 여우 세 마리
ko,1,4,3,plural,2,늙은 검은 여우 네 마리
ko,1,4,3,plural,3,늙은 검은 여우 다섯 마리
ko,1,4,3,plural,4,늙은 검은 여우 여섯 마리
ko,1,4,3,plural,5,늙은 검은 여우 일곱 마리
ko,1,4,3,plural,6,늙은 검은 여우 여덟 마리
ko,1,5,0,nom,,작은 하얀 여우가
ko,1,5,0,acc,,작은 하얀 여우를
ko,1,5,0,dat,,작은 하얀 여우
ko,1,5,0,plural,0,작은 하얀 여우 두 마리
ko,1,5,0,plural,1,작은 하얀 여우 세 마리
ko,1,5,0,plural,2,작은 하얀 여우 네 마리
ko,1,5,0,plural,3,작은 하얀 여우 다섯 마리
ko,1,5,0,plural,4,작은 하얀 여우 여섯 마리
ko,1,5,0,plural,5,작은 하얀 여우 일곱 마리
ko,1,5,0,plural,6,작은 하얀 여우 여덟 마리
ko,1,5,1,nom,,큰 하얀 여우가
ko,1,5,1,acc,,큰 하얀 여우를
ko,1,5,1,dat,,큰 하얀 여우
ko,1,5,1,plural,0,큰 하얀 여우 두 마리
ko,1,5,1,plural,1,큰 하얀 여우 세 마리
ko,1,5,1,plural,2,큰 하얀 여우 네 마리
ko,1,5,1,plural,3,큰 하얀 여우 다섯 마리
ko,1,5,1,plural,4,큰 하얀 여우 여섯 마리
ko,1,5,1,plural,5,큰 하얀 여우 일곱 마리
ko,1,5,1,plural,6,큰 하얀 여우 여덟 마리
ko,1,5,2,nom,,어린 하얀 여우가
ko,1,5,2,acc,,어린 하얀 여우를
ko,1,5,2,dat,,어린 하얀 여우
ko,1,5,2,plural,0,어린 하얀 여우 두 마리
ko,1,5,2,plural,1,어린 하얀 여우 세 마리
ko,1,5,2,plural,2,어린 하얀 여우 네 마리
ko,1,5,2,plural,3,어린 하얀 여우 다섯 마리
ko,1,5,2,plural,4,어린 하얀 여우 여섯 마리
ko,1,5,2,plural,5,어린 하얀 여우 일곱 마리
ko,1,5,2,plural,6,어린 하얀 여우 여덟 마리
ko,1,5,3,nom,,늙은 하얀 여우가
ko,1,5,3,acc,,늙은 하얀 여우를
ko,1,5,3,dat,,늙은 하얀 여우
ko,1,5,3,plural,0,늙은 하얀 여우 두 마리
ko,1,5,3,plural,1,늙은 하얀 여우 세 마리
ko,1,5,3,plural,2,늙은 하얀 여우 네 마리
ko,1,5,3,plural,3,늙은 하얀 여우 다섯 마리
ko,1,5,3,plural,4,늙은 하얀 여우 여섯 마리
ko,1,5,3,plural,5,늙은 하얀 여우 일곱 마리
ko,1,5,3,plural,6,늙은 하얀 여우 여덟 마리
ko,2,0,0,nom,,작은 빨간 곰이
ko,2,0,0,acc,,작은 빨간 곰을
ko,2,0,0,dat,,작은 빨간 곰
ko,2,0,0,plural,0,작은 빨간 곰 두 마리
ko,2,0,0,plural,1,작은 빨간 곰 세 마리
ko,2,0,0,plural,2,작은 빨간 곰 네 마리
ko,2,0,0,plural,3,작은 빨간 곰 다섯 마리
ko,2,0,0,plural,4,작은 빨간 곰 여섯 마리
ko,2,0,0,plural,5,작은 빨간 곰 일곱 마리
ko,2,0,0,plural,6,작은 빨간 곰 여덟 마리
ko,2,0,1,nom,,큰 빨간 곰이
ko,2,0,1,acc,,큰 빨간 곰을
ko,2,0,1,dat,,큰 빨간 곰
ko,2,0,1,plural,0,큰 빨간 곰 두 마리
ko,2,0,1,plural,1,큰 빨간 곰 세 마리
ko,2,0,1,plural,2,큰 빨간 곰 네 마리
ko,2,0,1,plural,3,큰 빨간 곰 다섯 마리
ko,2,0,1,plural,4,큰 빨간 곰 여섯 마리
ko,2,0,1,plural,5,큰 빨간 곰 일곱 마리
ko,2,0,1,plural,6,큰 빨간 곰 여덟 마리
ko,2,0,2,nom,,어린 빨간 곰이
ko,2,0,2,acc,,어린 빨간 곰을
ko,2,0,2,dat,,어린 빨간 곰
ko,2,0,2,plural,0,어린 빨간 곰 두 마리
ko,2,0,2,plural,1,어린 빨간 곰 세 마리
ko,2,0,2,plural,2,어린 빨간 곰 네 마리
ko,2,0,2,plural,3,어린 빨간 곰 다섯 마리
ko,2,0,2,plural,4,어린 빨간 곰 여섯 마리
ko,2,0,2,plural,5,어린 빨간 곰 일곱 마리
ko,2,0,2,plural,6,어린 빨간 곰 여덟 마리
ko,2,0,3,nom,,늙은 빨간 곰이
ko,2,0,3,acc,,늙은 빨간 곰을
ko,2,0,3,dat,,늙은 빨간 곰
ko,2,0,3,plural,0,늙은 빨간 곰 두 마리
ko,2,0,3,plural,1,늙은 빨간 곰 세 마리
ko,2,0,3,plural,2,늙은 빨간 곰 네 마리
ko,2,0,3,plural,3,늙은 빨간 곰 다섯 마리
ko,2,0,3,plural,4,늙은 빨간 곰 여섯 마리
ko,2,0,3,plural,5,늙은 빨간 곰 일곱 마리
ko,2,0,3,plural,6,늙은 빨간 곰 여덟 마리
ko,2,1,0,nom,,작은 파란 곰이
ko,2,1,0,acc,,작은 파란 곰을
ko,2,1,0,dat,,작은 파란 곰
ko,2,1,0,plural,0,작은 파란 곰 두 마리
ko,2,1,0,plural,1,작은 파란 곰 세 마리
ko,2,1,0,plural,2,작은 파란 곰 네 마리
ko,2,1,0,plural,3,작은 파란 곰 다섯 마리
ko,2,1,0,plural,4,작은 파란 곰 여섯 마리
ko,2,1,0,plural,5,작은 파란 곰 일곱 마리
ko,2,1,0,plural,6,작은 파란 곰 여덟 마리
ko,2,1,1,nom,,큰 파란 곰이
ko,2,1,1,acc,,큰 파란 곰을
ko,2,1,1,dat,,큰 파란 곰
ko,2,1,1,plural,0,큰 파란 곰 두 마리
ko,2,1,1,plural,1,큰 파란 곰 세 마리
ko,2,1,1,plural,2,큰 파란 곰 네 마리
ko,2,1,1,plural,3,큰 파란 곰 다섯 마리
ko,2,1,1,plural,4,큰 파란 곰 여섯 마리
ko,2,1,1,plural,5,큰 파란 곰 일곱 마리
ko,2,1,1,plural,6,큰 파란 곰 여덟 마리
ko,2,1,2,nom,,어린 파란 곰이
ko,2,1,2,acc,,어린 파란 곰을
ko,2,1,2,dat,,어린 파란 곰
ko,2,1,2,plural,0,어린 파란 곰 두 마리
ko,2,1,2,plural,1,어린 파란 곰 세 마리
ko,2,1,2,plural,2,어린 파란 곰 네 마리
ko,2,1,2,plural,3,어린 파란 곰 다섯 마리
ko,2,1,2,plural,4,어린 파란 곰 여섯 마리
ko,2,1,2,plural,5,어린 파란 곰 일곱 마리
ko,2,1,2,plural,6,어린 파란 곰 여덟 마리
ko,2,1,3,nom,,늙은 파란 곰이
ko,2,1,3,acc,,늙은 파란 곰을
ko,2,1,3,dat,,늙은 파란 곰
ko,2,1,3,plural,0,늙은 파란 곰 두 마리
ko,2,1,3,plural,1,늙은 파란 곰 세 마리
ko,2,1,3,plural,2,늙은 파란 곰 네 마리
ko,2,1,3,plural,3,늙은 파란 곰 다섯 마리
ko,2,1,3,plural,4,늙은 파란 곰 여섯 마리
ko,2,1,3,plural,5,늙은 파란 곰 일곱 마리
ko,2,1,3,plural,6,늙은 파란 곰 여덟 마리
ko,2,2,0,nom,,작은 초록색 곰이
ko,2,2,0,acc,,작은 초록색 곰을
ko,2,2,0,dat,,작은 초록색 곰
ko,2,2,0,plural,0,작은 초록색 곰 두 마리
ko,2,2,0,plural,1,작은 초록색 곰 세 마리
ko,2,2,0,plural,2,작은 초록색 곰 네 마리
ko,2,2,0,plural,3,작은 초록색 곰 다섯 마리
ko,2,2,0,plural,4,작은 초록색 곰 여섯 마리
ko,2,2,0,plural,5,작은 초록색 곰 일곱 마리
ko,2,2,0,plural,6,작은 초록색 곰 여덟 마리
ko,2,2,1,nom,,큰 초록색 곰이
ko,2,2,1,acc,,큰 초록색 곰을
ko,2,2,1,dat,,큰 초록색 곰
ko,2,2,1,plural,0,큰 초록색 곰 두 마리
ko,2,2,1,plural,1,큰 초록색 곰 세 마리
ko,2,2,1,plural,2,큰 초록색 곰 네 마리
ko,2,2,1,plural,3,큰 초록색 곰 다섯 마리
ko,2,2,1,plural,4,큰 초록색 곰 여섯 마리
ko,2,2,1,plural,5,큰 초록색 곰 일곱 마리
ko,2,2,1,plural,6,큰 초록색 곰 여덟 마리
ko,2,2,2,nom,,어린 초록색 곰이
ko,2,2,2,acc,,어린 초록색 곰을
ko,2,2,2,dat,,어린 초록색 곰
ko,2,2,2,plural,0,어린 초록색 곰 두 마리
ko,2,2,2,plural,1,어린 초록색 곰 세 마리
ko,2,2,2,plural,2,어린 초록색 곰 네 마리
ko,2,2,2,plural,3,어린 초록색 곰 다섯 마리
ko,2,2,2,plural,4,어린 초록색 곰 여섯 마리
ko,2,2,2,plural,5,어린 초록색 곰 일곱 마리
ko,2,2,2,plural,6,어린 초록색 곰 여덟 마리
ko,2,2,3,nom,,늙은 초록색 곰이
ko,2,2,3,acc,,늙은 초록색 곰을
ko,2,2,3,dat,,늙은 초록색 곰
ko,2,2,3,plural,0,늙은 초록색 곰 두 마리
ko,2,2,3,plural,1,늙은 초록색 곰 세 마리
ko,2,2,3,plural,2,늙은 초록색 곰 네 마리
ko,2,2,3,plural,3,늙은 초록색 곰 다섯 마리
ko,2,2,3,plural,4,늙은 초록색 곰 여섯 마리
ko,2,2,3,plural,5,늙은 초록색 곰 일곱 마리
ko,2,2,3,plural,6,늙은 초록색 곰 여덟 마리
ko,2,3,0,nom,,작은 노란 곰이
ko,2,3,0,acc,,작은 노란 곰을
ko,2,3,0,dat,,작은 노란 곰
ko,2,3,0,plural,0,작은 노란 곰 두 마리
ko,2,3,0,plural,1,작은 노란 곰 세 마리
ko,2,3,0,plural,2,작은 노란 곰 네 마리
ko,2,3,0,plural,3,작은 노란 곰 다섯 마리
ko,2,3,0,plural,4,작은 노란 곰 여섯 마리
ko,2,3,0,plural,5,작은 노란 곰 일곱 마리
ko,2,3,0,plural,6,작은 노란 곰 여덟 마리
ko,2,3,1,nom,,큰 노란 곰이
ko,2,3,1,acc,,큰 노란 곰을
ko,2,3,1,dat,,큰 노란 곰
ko,2,3,1,plural,0,큰 노란 곰 두 마리
ko,2,3,1,plural,1,큰 노란 곰 세 마리
ko,2,3,1,plural,2,큰 노란 곰 네 마리
ko,2,3,1,plural,3,큰 노란 곰 다섯 마리
ko,2,3,1,plural,4,큰 노란 곰 여섯 마리
ko,2,3,1,plural,5,큰 노란 곰 일곱 마리
ko,2,3,1,plural,6,큰 노란 곰 여덟 마리
ko,2,3,2,nom,,어린 노란 곰이
ko,2,3,2,acc,,어린 노란 곰을
ko,2,3,2,dat,,어린 노란 곰
ko,2,3,2,plural,0,어린 노란 곰 두 마리
ko,2,3,2,plural,1,어린 노란 곰 세 마리
ko,2,3,2,plural,2,어린 노란 곰 네 마리
ko,2,3,2,plural,3,어린 노란 곰 다섯 마리
ko,2,3,2,plural,4,어린 노란 곰 여섯 마리
ko,2,3,2,plural,5,어린 노란 곰 일곱 마리
ko,2,3,2,plural,6,어린 노란 곰 여덟 마리
ko,2,3,3,nom,,늙은 노란 곰이
ko,2,3,3,acc,,늙은 노란 곰을
ko,2,3,3,dat,,늙은 노란 곰
ko,2,3,3,plural,0,늙은 노란 곰 두 마리
ko,2,3,3,plural,1,늙은 노란 곰 세 마리
ko,2,3,3,plural,2,늙은 노란 곰 네 마리
ko,2,3,3,plural,3,늙은 노란 곰 다섯 마리
ko,2,3,3,plural,4,늙은 노란 곰 여섯 마리
ko,2,3,3,plural,5,늙은 노란 곰 일곱 마리
ko,2,3,3,plural,6,늙은 노란 곰 여덟 마리
ko,2,4,0,nom,,작은 검은 곰이
ko,2,4,0,acc,,작은 검은 곰을
ko,2,4,0,dat,,작은 검은 곰
ko,2,4,0,plural,0,작은 검은 곰 두 마리
ko,2,4,0,plural,1,작은 검은 곰 세 마리
ko,2,4,0,plural,2,작은 검은 곰 네 마리
ko,2,4,0,plural,3,작은 검은 곰 다섯 마리
ko,2,4,0,plural,4,작은 검은 곰 여섯 마리
ko,2,4,0,plural,5,작은 검은 곰 일곱 마리
ko,2,4,0,plural,6,작은 검은 곰 여덟 마리
ko,2,4,1,nom,,큰 검은 곰이
ko,2,4,1,acc,,큰 검은 곰을
ko,2,4,1,dat,,큰 검은 곰
ko,2,4,1,plural,0,큰 검은 곰 두 마리
ko,2,4,1,plural,1,큰 검은 곰 세 마리
ko,2,4,1,plural,2,큰 검은 곰 네 마리
ko,2,4,1,plural,3,큰 검은 곰 다섯 마리
ko,2,4,1,plural,4,큰 검은 곰 여섯 마리
ko,2,4,1,plural,5,큰 검은 곰 일곱 마리
ko,2,4,1,plural,6,큰 검은 곰 여덟 마리
ko,2,4,2,nom,,어린 검은 곰이
ko,2,4,2,acc,,어린 검은 곰을
ko,2,4,2,dat,,어린 검은 곰
ko,2,4,2,plural,0,어린 검은 곰 두 마리
ko,2,4,2,plural,1,어린 검은 곰 세 마리
ko,2,4,2,plural,2,어린 검은 곰 네 마리
ko,2,4,2,plural,3,어린 검은 곰 다섯 마리
ko,2,4,2,plural,4,어린 검은 곰 여섯 마리
ko,2,4,2,plural,5,어린 검은 곰 일곱 마리
ko,2,4,2,plural,6,어린 검은 곰 여덟 마리
ko,2,4,3,nom,,늙은 검은 곰이
ko,2,4,3,acc,,늙은 검은 곰을
ko,2,4,3,dat,,늙은 검은 곰
ko,2,4,3,plural,0,늙은 검은 곰 두 마리
ko,2,4,3,plural,1,늙은 검은 곰 세 마리
ko,2,4,3,plural,2,늙은 검은 곰 네 마리
ko,2,4,3,plural,3,늙은 검은 곰 다섯 마리
ko,2,4,3,plural,4,늙은 검은 곰 여섯 마리
ko,2,4,3,plural,5,늙은 검은 곰 일곱 마리
ko,2,4,3,plural,6,늙은 검은 곰 여덟 마리
ko,2,5,0,nom,,작은 하얀 곰이
ko,2,5,0,acc,,작은 하얀 곰을
ko,2,5,0,dat,,작은 하얀 곰
ko,2,5,0,plural,0,작은 하얀 곰 두 마리
ko,2,5,0,plural,1,작은 하얀 곰 세 마리
ko,2,5,0,plural,2,작은 하얀 곰 네 마리
ko,2,5,0,plural,3,작은 하얀 곰 다섯 마리
ko,2,5,0,plural,4,작은 하얀 곰 여섯 마리
ko,2,5,0,plural,5,작은 하얀 곰 일곱 마리
ko,2,5,0,plural,6,작은 하얀 곰 여덟 마리
ko,2,5,1,nom,,큰 하얀 곰이
ko,2,5,1,acc,,큰 하얀 곰을
ko,2,5,1,dat,,큰 하얀 곰
ko,2,5,1,plural,0,큰 하얀 곰 두 마리
ko,2,5,1,plural,1,큰 하얀 곰 세 마리
ko,2,5,1,plural,2,큰 하얀 곰 네 마리
ko,2,5,1,plural,3,큰 하얀 곰 다섯 마리
ko,2,5,1,plural,4,큰 하얀 곰 여섯 마리
ko,2,5,1,plural,5,큰 하얀 곰 일곱 마리
ko,2,5,1,plural,6,큰 하얀 곰 여덟 마리
ko,2,5,2,nom,,어린 하얀 곰이
ko,2,5,2,acc,,어린 하얀 곰을
ko,2,5,2,dat,,어린 하얀 곰
ko,2,5,2,plural,0,어린 하얀 곰 두 마리
ko,2,5,2,plural,1,어린 하얀 곰 세 마리
ko,2,5,2,plural,2,어린 하얀 곰 네 마리
ko,2,5,2,plural,3,어린 하얀 곰 다섯 마리
ko,2,5,2,plural,4,어린 하얀 곰 여섯 마리
ko,2,5,2,plural,5,어린 하얀 곰 일곱 마리
ko,2,5,2,plural,6,어린 하얀 곰 여덟 마리
ko,2,5,3,nom,,늙은 하얀 곰이
ko,2,5,3,acc,,늙은 하얀 곰을
ko,2,5,3,dat,,늙은 하얀 곰
ko,2,5,3,plural,0,늙은 하얀 곰 두 마리
ko,2,5,3,plural,1,늙은 하얀 곰 세 마리
ko,2,5,3,plural,2,늙은 하얀 곰 네 마리
ko,2,5,3,plural,3,늙은 하얀 곰 다섯 마리
ko,2,5,3,plural,4,늙은 하얀 곰 여섯 마리
ko,2,5,3,plural,5,늙은 하얀 곰 일곱 마리
ko,2,5,3,plural,6,늙은 하얀 곰 여덟 마리
ko,3,0,0,nom,,작은 빨간 사자가
ko,3,0,0,acc,,작은 빨간 사자를
ko,3,0,0,dat,,작은 빨간 사자
ko,3,0,0,plural,0,작은 빨간 사자 두 마리
ko,3,0,0,plural,1,작은 빨간 사자 세 마리
ko,3,0,0,plural,2,작은 빨간 사자 네 마리
ko,3,0,0,plural,3,작은 빨간 사자 다섯 마리
ko,3,0,0,plural,4,작은 빨간 사자 여섯 마리
ko,3,0,0,plural,5,작은 빨간 사자 일곱 마리
ko,3,0,0,plural,6,작은 빨간 사자 여덟 마리
ko,3,0,1,nom,,큰 빨간 사자가
ko,3,0,1,acc,,큰 빨간 사자를
ko,3,0,1,dat,,큰 빨간 사자
ko,3,0,1,plural,0,큰 빨간 사자 두 마리
ko,3,0,1,plural,1,큰 빨간 사자 세 마리
ko,3,0,1,plural,2,큰 빨간 사자 네 마리
ko,3,0,1,plural,3,큰 빨간 사자 다섯 마리
ko,3,0,1,plural,4,큰 빨간 사자 여섯 마리
ko,3,0,1,plural,5,큰 빨간 사자 일곱 마리
ko,3,0,1,plural,6,큰 빨간 사자 여덟 마리
ko,3,0,2,nom,,어린 빨간 사자가
ko,3,0,2,acc,,어린 빨간 사자를
ko,3,0,2,dat,,어린 빨간 사자
ko,3,0,2,plural,0,어린 빨간 사자 두 마리
ko,3,0,2,plural,1,어린 빨간 사자 세 마리
ko,3,0,2,plural,2,어린 빨간 사자 네 마리
ko,3,0,2,plural,3,어린 빨간 사자 다섯 마리
ko,3,0,2,plural,4,어린 빨간 사자 여섯 마리
ko,3,0,2,plural,5,어린 빨간 사자 일곱 마리
ko,3,0,2,plural,6,어린 빨간 사자 여덟 마리
ko,3,0,3,nom,,늙은 빨간 사자가
ko,3,0,3,acc,,늙은 빨간 사자를
ko,3,0,3,dat,,늙은 빨간 사자
ko,3,0,3,plural,0,늙은 빨간 사자 두 마리
ko,3,0,3,plural,1,늙은 빨간 사자 세 마리
ko,3,0,3,plural,2,늙은 빨간 사자 네 마리
ko,3,0,3,plural,3,늙은 빨간 사자 다섯 마리
ko,3,0,3,plural,4,늙은 빨간 사자 여섯 마리
ko,3,0,3,plural,5,늙은 빨간 사자 일곱 마리
ko,3,0,3,plural,6,늙은 빨간 사자 여덟 마리
ko,3,1,0,nom,,작은 파란 사자가
ko,3,1,0,acc,,작은 파란 사자를
ko,3,1,0,dat,,작은 파란 사자
ko,3,1,0,plural,0,작은 파란 사자 두 마리
ko,3,1,0,plural,1,작은 파란 사자 세 마리
ko,3,1,0,plural,2,작은 파란 사자 네 마리
ko,3,1,0,plural,3,작은 파란 사자 다섯 마리
ko,3,1,0,plural,4,작은 파란 사자 여섯 마리
ko,3,1,0,plural,5,작은 파란 사자 일곱 마리
ko,3,1,0,plural,6,작은 파란 사자 여덟 마리
ko,3,1,1,nom,,큰 파란 사자가
ko,3,1,1,acc,,큰 파란 사자를
ko,3,1,1,dat,,큰 파란 사자
ko,3,1,1,plural,0,큰 파란 사자 두 마리
ko,3,1,1,plural,1,큰 파란 사자 세 마리
ko,3,1,1,plural,2,큰 파란 사자 네 마리
ko,3,1,1,plural,3,큰 파란 사자 다섯 마리
ko,3,1,1,plural,4,큰 파란 사자 여섯 마리
ko,3,1,1,plural,5,큰 파란 사자 일곱 마리
ko,3,1,1,plural,6,큰 파란 사자 여덟 마리
ko,3,1,2,nom,,어린 파란 사자가
ko,3,1,2,acc,,어린 파란 사자를
ko,3,1,2,dat,,어린 파란 사자
ko,3,1,2,plural,0,어린 파란 사자 두 마리
ko,3,1,2,plural,1,어린 파란 사자 세 마리
ko,3,1,2,plural,2,어린 파란 사자 네 마리
ko,3,1,2,plural,3,어린 파란 사자 다섯 마리
ko,3,1,2,plural,4,어린 파란 사자 여섯 마리
ko,3,1,2,plural,5,어린 파란 사자 일곱 마리
ko,3,1,2,plural,6,어린 파란 사자 여덟 마리
ko,3,1,3,nom,,늙은 파란 사자가
ko,3,1,3,acc,,늙은 파란 사자를
ko,3,1,3,dat,,늙은 파란 사자
ko,3,1,3,plural,0,늙은 파란 사자 두 마리
ko,3,1,3,plural,1,늙은 파란 사자 세 마리
ko,3,1,3,plural,2,늙은 파란 사자 네 마리
ko,3,1,3,plural,3,늙은 파란 사자 다섯 마리
ko,3,1,3,plural,4,늙은 파란 사자 여섯 마리
ko,3,1,3,plural,5,늙은 파란 사자 일곱 마리
ko,3,1,3,plural,6,늙은 파란 사자 여덟 마리
ko,3,2,0,nom,,작은 초록색 사자가
ko,3,2,0,acc,,작은 초록색 사자를
ko,3,2,0,dat,,작은 초록색 사자
ko,3,2,0,plural,0,작은 초록색 사자 두 마리
ko,3,2,0,plural,1,작은 초록색 사자 세 마리
ko,3,2,0,plural,2,작은 초록색 사자 네 마리
ko,3,2,0,plural,3,작은 초록색 사자 다섯 마리
ko,3,2,0,plural,4,작은 초록색 사자 여섯 마리
ko,3,2,0,plural,5,작은 초록색 사자 일곱 마리
ko,3,2,0,plural,6,작은 초록색 사자 여덟 마리
ko,3,2,1,nom,,큰 초록색 사자가
ko,3,2,1,acc,,큰 초록색 사자를
ko,3,2,1,dat,,큰 초록색 사자
ko,3,2,1,plural,0,큰 초록색 사자 두 마리
ko,3,2,1,plural,1,큰 초록색 사자 세 마리
ko,3,2,1,plural,2,큰 초록색 사자 네 마리
ko,3,2,1,plural,3,큰 초록색 사자 다섯 마리
ko,3,2,1,plural,4,큰 초록색 사자 여섯 마리
ko,3,2,1,plural,5,큰 초록색 사자 일곱 마리
ko,3,2,1,plural,6,큰 초록색 사자 여덟 마리
ko,3,2,2,nom,,어린 초록색 사자가
ko,3,2,2,acc,,어린 초록색 사자를
ko,3,2,2,dat,,어린 초록색 사자
ko,3,2,2,plural,0,어린 초록색 사자 두 마리
ko,3,2,2,plural,1,어린 초록색 사자 세 마리
ko,3,2,2,plural,2,어린 초록색 사자 네 마리
ko,3,2,2,plural,3,어린 초록색 사자 다섯 마리
ko,3,2,2,plural,4,어린 초록색 사자 여섯 마리
ko,3,2,2,plural,5,어린 초록색 사자 일곱 마리
ko,3,2,2,plural,6,어린 초록색 사자 여덟 마리
ko,3,2,3,nom,,늙은 초록색 사자가
ko,3,2,3,acc,,늙은 초록색 사자를
ko,3,2,3,dat,,늙은 초록색 사자
ko,3,2,3,plural,0,늙은 초록색 사자 두 마리
ko,3,2,3,plural,1,늙은 초록색 사자 세 마리
ko,3,2,3,plural,2,늙은 초록색 사자 네 마리
ko,3,2,3,plural,3,늙은 초록색 사자 다섯 마리
ko,3,2,3,plural,4,늙은 초록색 사자 여섯 마리
ko,3,2,3,plural,5,늙은 초록색 사자 일곱 마리
ko,3,2,3,plural,6,늙은 초록색 사자 여덟 마리
ko,3,3,0,nom,,작은 노란 사자가
ko,3,3,0,acc,,작은 노란 사자를
ko,3,3,0,dat,,작은 노란 사자
ko,3,3,0,plural,0,작은 노란 사자 두 마리
ko,3,3,0,plural,1,작은 노란 사자 세 마리
ko,3,3,0,plural,2,작은 노란 사자 네 마리
ko,3,3,0,plural,3,작은 노란 사자 다섯 마리
ko,3,3,0,plural,4,작은 노란 사자 여섯 마리
ko,3,3,0,plural,5,작은 노란 사자 일곱 마리
ko,3,3,0,plural,6,작은 노란 사자 여덟 마리
ko,3,3,1,nom,,큰 노란 사자가
ko,3,3,1,acc,,큰 노란 사자를
ko,3,3,1,dat,,큰 노란 사자
ko,3,3,1,plural,0,큰 노란 사자 두 마리
ko,3,3,1,plural,1,큰 노란 사자 세 마리
ko,3,3,1,plural,2,큰 노란 사자 네 마리
ko,3,3,1,plural,3,큰 노란 사자 다섯 마리
ko,3,3,1,plural,4,큰 노란 사자 여섯 마리
ko,3,3,1,plural,5,큰 노란 사자 일곱 마리
ko,3,3,1,plural,6,큰 노란 사자 여덟 마리
ko,3,3,2,nom,,어린 노란 사자가
ko,3,3,2,acc,,어린 노란 사자를
ko,3,3,2,dat,,어린 노란 사자
ko,3,3,2,plural,0,어린 노란 사자 두 마리
ko,3,3,2,plural,1,어린 노란 사자 세 마리
ko,3,3,2,plural,2,어린 노란 사자 네 마리
ko,3,3,2,plural,3,어린 노란 사자 다섯 마리
ko,3,3,2,plural,4,어린 노란 사자 여섯 마리
ko,3,3,2,plural,5,어린 노란 사자 일곱 마리
ko,3,3,2,plural,6,어린 노란 사자 여덟 마리
ko,3,3,3,nom,,늙은 노란 사자가
ko,3,3,3,acc,,늙은 노란 사자를
ko,3,3,3,dat,,늙은 노란 사자
ko,3,3,3,plural,0,늙은 노란 사자 두 마리
ko,3,3,3,plural,1,늙은 노란 사자 세 마리
ko,3,3,3,plural,2,늙은 노란 사자 네 마리
ko,3,3,3,plural,3,늙은 노란 사자 다섯 마리
ko,3,3,3,plural,4,늙은 노란 사자 여섯 마리
ko,3,3,3,plural,5,늙은 노란 사자 일곱 마리
ko,3,3,3,plural,6,늙은 노란 사자 여덟 마리
ko,3,4,0,nom,,작은 검은 사자가
ko,3,4,0,acc,,작은 검은 사자를
ko,3,4,0,dat,,작은 검은 사자
ko,3,4,0,plural,0,작은 검은 사자 두 마리
ko,3,4,0,plural,1,작은 검은 사자 세 마리
ko,3,4,0,plural,2,작은 검은 사자 네 마리
ko,3,4,0,plural,3,작은 검은 사자 다섯 마리
ko,3,4,0,plural,4,작은 검은 사자 여섯 마리
ko,3,4,0,plural,5,작은 검은 사자 일곱 마리
ko,3,4,0,plural,6,작은 검은 사자 여덟 마리
ko,3,4,1,nom,,큰 검은 사자가
ko,3,4,1,acc,,큰 검은 사자를
ko,3,4,1,dat,,큰 검은 사자
ko,3,4,1,plural,0,큰 검은 사자 두 마리
ko,3,4,1,plural,1,큰 검은 사자 세 마리
ko,3,4,1,plural,2,큰 검은 사자 네 마리
ko,3,4,1,plural,3,큰 검은 사자 다섯 마리
ko,3,4,1,plural,4,큰 검은 사자 여섯 마리
ko,3,4,1,plural,5,큰 검은 사자 일곱 마리
ko,3,4,1,plural,6,큰 검은 사자 여덟 마리
ko,3,4,2,nom,,어린 검은 사자가
ko,3,4,2,acc,,어린 검은 사자를
ko,3,4,2,dat,,어린 검은 사자
ko,3,4,2,plural,0,어린 검은 사자 두 마리
ko,3,4,2,plural,1,어린 검은 사자 세 마리
ko,3,4,2,plural,2,어린 검은 사자 네 마리
ko,3,4,2,plural,3,어린 검은 사자 다섯 마리
ko,3,4,2,plural,4,어린 검은 사자 여섯 마리
ko,3,4,2,plural,5,어린 검은 사자 일곱 마리
ko,3,4,2,plural,6,어린 검은 사자 여덟 마리
ko,3,4,3,nom,,늙은 검은 사자가
ko,3,4,3,acc,,늙은 검은 사자를
ko,3,4,3,dat,,늙은 검은 사자
ko,3,4,3,plural,0,늙은 검은 사자 두 마리
ko,3,4,3,plural,1,늙은 검은 사자 세 마리
ko,3,4,3,plural,2,늙은 검은 사자 네 마리
ko,3,4,3,plural,3,늙은 검은 사자 다섯 마리
ko,3,4,3,plural,4,늙은 검은 사자 여섯 마리
ko,3,4,3,plural,5,늙은 검은 사자 일곱 마리
ko,3,4,3,plural,6,늙은 검은 사자 여덟 마리
ko,3,5,0,nom,,작은 하얀 사자가
ko,3,5,0,acc,,작은 하얀 사자를
ko,3,5,0,dat,,작은 하얀 사자
ko,3,5,0,plural,0,작은 하얀 사자 두 마리
ko,3,5,0,plural,1,작은 하얀 사자 세 마리
ko,3,5,0,plural,2,작은 하얀 사자 네 마리
ko,3,5,0,plural,3,작은 하얀 사자 다섯 마리
ko,3,5,0,plural,4,작은 하얀 사자 여섯 마리
ko,3,5,0,plural,5,작은 하얀 사자 일곱 마리
ko,3,5,0,plural,6,작은 하얀 사자 여덟 마리
ko,3,5,1,nom,,큰 하얀 사자가
ko,3,5,1,acc,,큰 하얀 사자를
ko,3,5,1,dat,,큰 하얀 사자
ko,3,5,1,plural,0,큰 하얀 사자 두 마리
ko,3,5,1,plural,1,큰 하얀 사자 세 마리
ko,3,5,1,plural,2,큰 하얀 사자 네 마리
ko,3,5,1,plural,3,큰 하얀 사자 다섯 마리
ko,3,5,1,plural,4,큰 하얀 사자 여섯 마리
ko,3,5,1,plural,5,큰 하얀 사자 일곱 마리
ko,3,5,1,plural,6,큰 하얀 사자 여덟 마리
ko,3,5,2,nom,,어린 하얀 사자가
ko,3,5,2,acc,,어린 하얀 사자를
ko,3,5,2,dat,,어린 하얀 사자
ko,3,5,2,plural,0,어린 하얀 사자 두 마리
ko,3,5,2,plural,1,어린 하얀 사자 세 마리
ko,3,5,2,plural,2,어린 하얀 사자 네 마리
ko,3,5,2,plural,3,어린 하얀 사자 다섯 마리
ko,3,5,2,plural,4,어린 하얀 사자 여섯 마리
ko,3,5,2,plural,5,어린 하얀 사자 일곱 마리
ko,3,5,2,plural,6,어린 하얀 사자 여덟 마리
ko,3,5,3,nom,,늙은 하얀 사자가
ko,3,5,3,acc,,늙은 하얀 사자를
ko,3,5,3,dat,,늙은 하얀 사자
ko,3,5,3,plural,0,늙은 하얀 사자 두 마리
ko,3,5,3,plural,1,늙은 하얀 사자 세 마리
ko,3,5,3,plural,2,늙은 하얀 사자 네 마리
ko,3,5,3,plural,3,늙은 하얀 사자 다섯 마리
ko,3,5,3,plural,4,늙은 하얀 사자 여섯 마리
ko,3,5,3,plural,5,늙은 하얀 사자 일곱 마리
ko,3,5,3,plural,6,늙은 하얀 사자 여덟 마리
ko,4,0,0,nom,,작은 빨간 고양이가
ko,4,0,0,acc,,작은 빨간 고양이를
ko,4,0,0,dat,,작은 빨간 고양이
ko,4,0,0,plural,0,작은 빨간 고양이 두 마리
ko,4,0,0,plural,1,작은 빨간 고양이 세 마리
ko,4,0,0,plural,2,작은 빨간 고양이 네 마리
ko,4,0,0,plural,3,작은 빨간 고양이 다섯 마리
ko,4,0,0,plural,4,작은 빨간 고양이 여섯 마리
ko,4,0,0,plural,5,작은 빨간 고양이 일곱 마리
ko,4,0,0,plural,6,작은 빨간 고양이 여덟 마리
ko,4,0,1,nom,,큰 빨간 고양이가
ko,4,0,1,acc,,큰 빨간 고양이를
ko,4,0,1,dat,,큰 빨간 고양이
ko,4,0,1,plural,0,큰 빨간 고양이 두 마리
ko,4,0,1,plural,1,큰 빨간 고양이 세 마리
ko,4,0,1,plural,2,큰 빨간 고양이 네 마리
ko,4,0,1,plural,3,큰 빨간 고양이 다섯 마리
ko,4,0,1,plural,4,큰 빨간 고양이 여섯 마리
ko,4,0,1,plural,5,큰 빨간 고양이 일곱 마리
ko,4,0,1,plural,6,큰 빨간 고양이 여덟 마리
ko,4,0,2,nom,,어린 빨간 고양이가
ko,4,0,2,acc,,어린 빨간 고양이를
ko,4,0,2,dat,,어린 빨간 고양이
ko,4,0,2,plural,0,어린 빨간 고양이 두 마리
ko,4,0,2,plural,1,어린 빨간 고양이 세 마리
ko,4,0,2,plural,2,어린 빨간 고양이 네 마리
ko,4,0,2,plural,3,어린 빨간 고양이 다섯 마리
ko,4,0,2,plural,4,어린 빨간 고양이 여섯 마리
ko,4,0,2,plural,5,어린 빨간 고양이 일곱 마리
ko,4,0,2,plural,6,어린 빨간 고양이 여덟 마리
ko,4,0,3,nom,,늙은 빨간 고양이가
ko,4,0,3,acc,,늙은 빨간 고양이를
ko,4,0,3,dat,,늙은 빨간 고양이
ko,4,0,3,plural,0,늙은 빨간 고양이 두 마리
ko,4,0,3,plural,1,늙은 빨간 고양이 세 마리
ko,4,0,3,plural,2,늙은 빨간 고양이 네 마리
ko,4,0,3,plural,3,늙은 빨간 고양이 다섯 마리
ko,4,0,3,plural,4,늙은 빨간 고양이 여섯 마리
ko,4,0,3,plural,5,늙은 빨간 고양이 일곱 마리
ko,4,0,3,plural,6,늙은 빨간 고양이 여덟 마리
ko,4,1,0,nom,,작은 파란 고양이가
ko,4,1,0,acc,,작은 파란 고양이를
ko,4,1,0,dat,,작은 파란 고양이
ko,4,1,0,plural,0,작은 파란 고양이 두 마리
ko,4,1,0,plural,1,작은 파란 고양이 세 마리
ko,4,1,0,plural,2,작은 파란 고양이 네 마리
ko,4,1,0,plural,3,작은 파란 고양이 다섯 마리
ko,4,1,0,plural,4,작은 파란 고양이 여섯 마리
ko,4,1,0,plural,5,작은 파란 고양이 일곱 마리
ko,4,1,0,plural,6,작은 파란 고양이 여덟 마리
ko,4,1,1,nom,,큰 파란 고양이가
ko,4,1,1,acc,,큰 파란 고양이를
ko,4,1,1,dat,,큰 파란 고양이
ko,4,1,1,plural,0,큰 파란 고양이 두 마리
ko,4,1,1,plural,1,큰 파란 고양이 세 마리
ko,4,1,1,plural,2,큰 파란 고양이 네 마리
ko,4,1,1,plural,3,큰 파란 고양이 다섯 마리
ko,4,1,1,plural,4,큰 파란 고양이 여섯 마리
ko,4,1,1,plural,5,큰 파란 고양이 일곱 마리
ko,4,1,1,plural,6,큰 파란 고양이 여덟 마리
ko,4,1,2,nom,,어린 파란 고양이가
ko,4,1,2,acc,,어린 파란 고양이를
ko,4,1,2,dat,,어린 파란 고양이
ko,4,1,2,plural,0,어린 파란 고양이 두 마리
ko,4,1,2,plural,1,어린 파란 고양이 세 마리
ko,4,1,2,plural,2,어린 파란 고양이 네 마리
ko,4,1,2,plural,3,어린 파란 고양이 다섯 마리
ko,4,1,2,plural,4,어린 파란 고양이 여섯 마리
ko,4,1,2,plural,5,어린 파란 고양이 일곱 마리
ko,4,1,2,plural,6,어린 파란 고양이 여덟 마리
ko,4,1,3,nom,,늙은 파란 고양이가
ko,4,1,3,acc,,늙은 파란 고양이를
ko,4,1,3,dat,,늙은 파란 고양이
ko,4,1,3,plural,0,늙은 파란 고양이 두 마리
ko,4,1,3,plural,1,늙은 파란 고양이 세 마리
ko,4,1,3,plural,2,늙은 파란 고양이 네 마리
ko,4,1,3,plural,3,늙은 파란 고양이 다섯 마리
ko,4,1,3,plural,4,늙은 파란 고양이 여섯 마리
ko,4,1,3,plural,5,늙은 파란 고양이 일곱 마리
ko,4,1,3,plural,6,늙은 파란 고양이 여덟 마리
ko,4,2,0,nom,,작은 초록색 고양이가
ko,4,2,0,acc,,작은 초록색 고양이를
ko,4,2,0,dat,,작은 초록색 고양이
ko,4,2,0,plural,0,작은 초록색 고양이 두 마리
ko,4,2,0,plural,1,작은 초록색 고양이 세 마리
ko,4,2,0,plural,2,작은 초록색 고양이 네 마리
ko,4,2,0,plural,3,작은 초록색 고양이 다섯 마리
ko,4,2,0,plural,4,작은 초록색 고양이 여섯 마리
ko,4,2,0,plural,5,작은 초록색 고양이 일곱 마리
ko,4,2,0,plural,6,작은 초록색 고양이 여덟 마리
ko,4,2,1,nom,,큰 초록색 고양이가
ko,4,2,1,acc,,큰 초록색 고양이를
ko,4,2,1,dat,,큰 초록색 고양이
ko,4,2,1,plural,0,큰 초록색 고양이 두 마리
ko,4,2,1,plural,1,큰 초록색 고양이 세 마리
ko,4,2,1,plural,2,큰 초록색 고양이 네 마리
ko,4,2,1,plural,3,큰 초록색 고양이 다섯 마리
ko,4,2,1,plural,4,큰 초록색 고양이 여섯 마리
ko,4,2,1,plural,5,큰 초록색 고양이 일곱 마리
ko,4,2,1,plural,6,큰 초록색 고양이 여덟 마리
ko,4,2,2,nom,,어린 초록색 고양이가
ko,4,2,2,acc,,어린 초록색 고양이를
ko,4,2,2,dat,,어린 초록색 고양이
ko,4,2,2,plural,0,어린 초록색 고양이 두 마리
ko,4,2,2,plural,1,어린 초록색 고양이 세 마리
ko,4,2,2,plural,2,어린 초록색 고양이 네 마리
ko,4,2,2,plural,3,어린 초록색 고양이 다섯 마리
ko,4,2,2,plural,4,어린 초록색 고양이 여섯 마리
ko,4,2,2,plural,5,어린 초록색 고양이 일곱 마리
ko,4,2,2,plural,6,어린 초록색 고양이 여덟 마리
ko,4,2,3,nom,,늙은 초록색 고양이가
ko,4,2,3,acc,,늙은 초록색 고양이를
ko,4,2,3,dat,,늙은 초록색 고양이
ko,4,2,3,plural,0,늙은 초록색 고양이 두 마리
ko,4,2,3,plural,1,늙은 초록색 고양이 세 마리
ko,4,2,3,plural,2,늙은 초록색 고양이 네 마리
ko,4,2,3,plural,3,늙은 초록색 고양이 다섯 마리
ko,4,2,3,plural,4,늙은 초록색 고양이 여섯 마리
ko,4,2,3,plural,5,늙은 초록색 고양이 일곱 마리
ko,4,2,3,plural,6,늙은 초록색 고양이 여덟 마리
ko,4,3,0,nom,,작은 노란 고양이가
ko,4,3,0,acc,,작은 노란 고양이를
ko,4,3,0,dat,,작은 노란 고양이
ko,4,3,0,plural,0,작은 노란 고양이 두 마리
ko,4,3,0,plural,1,작은 노란 고양이 세 마리
ko,4,3,0,plural,2,작은 노란 고양이 네 마리
ko,4,3,0,plural,3,작은 노란 고양이 다섯 마리
ko,4,3,0,plural,4,작은 노란 고양이 여섯 마리
ko,4,3,0,plural,5,작은 노란 고양이 일곱 마리
ko,4,3,0,plural,6,작은 노란 고양이 여덟 마리
ko,4,3,1,nom,,큰 노란 고양이가
ko,4,3,1,acc,,큰 노란 고양이를
ko,4,3,1,dat,,큰 노란 고양이
ko,4,3,1,plural,0,큰 노란 고양이 두 마리
ko,4,3,1,plural,1,큰 노란 고양이 세 마리
ko,4,3,1,plural,2,큰 노란 고양이 네 마리
ko,4,3,1,plural,3,큰 노란 고양이 다섯 마리
ko,4,3,1,plural,4,큰 노란 고양이 여섯 마리
ko,4,3,1,plural,5,큰 노란 고양이 일곱 마리
ko,4,3,1,plural,6,큰 노란 고양이 여덟 마리
ko,4,3,2,nom,,어린 노란 고양이가
ko,4,3,2,acc,,어린 노란 고양이를
ko,4,3,2,dat,,어린 노란 고양이
ko,4,3,2,plural,0,어린 노란 고양이 두 마리
ko,4,3,2,plural,1,어린 노란 고양이 세 마리
ko,4,3,2,plural,2,어린 노란 고양이 네 마리
ko,4,3,2,plural,3,어린 노란 고양이 다섯 마리
ko,4,3,2,plural,4,어린 노란 고양이 여섯 마리
ko,4,3,2,plural,5,어린 노란 고양이 일곱 마리
ko,4,3,2,plural,6,어린 노란 고양이 여덟 마리
ko,4,3,3,nom,,늙은 노란 고양이가
ko,4,3,3,acc,,늙은 노란 고양이를
ko,4,3,3,dat,,늙은 노란 고양이
ko,4,3,3,plural,0,늙은 노란 고양이 두 마리
ko,4,3,3,plural,1,늙은 노란 고양이 세 마리
ko,4,3,3,plural,2,늙은 노란 고양이 네 마리
ko,4,3,3,plural,3,늙은 노란 고양이 다섯 마리
ko,4,3,3,plural,4,늙은 노란 고양이 여섯 마리
ko,4,3,3,plural,5,늙은 노란 고양이 일곱 마리
ko,4,3,3,plural,6,늙은 노란 고양이 여덟 마리
ko,4,4,0,nom,,작은 검은 고양이가
ko,4,4,0,acc,,작은 검은 고양이를
ko,4,4,0,dat,,작은 검은 고양이
ko,4,4,0,plural,0,작은 검은 고양이 두 마리
ko,4,4,0,plural,1,작은 검은 고양이 세 마리
ko,4,4,0,plural,2,작은 검은 고양이 네 마리
ko,4,4,0,plural,3,작은 검은 고양이 다섯 마리
ko,4,4,0,plural,4,작은 검은 고양이 여섯 마리
ko,4,4,0,plural,5,작은 검은 고양이 일곱 마리
ko,4,4,0,plural,6,작은 검은 고양이 여덟 마리
ko,4,4,1,nom,,큰 검은 고양이가
ko,4,4,1,acc,,큰 검은 고양이를
ko,4,4,1,dat,,큰 검은 고양이
ko,4,4,1,plural,0,큰 검은 고양이 두 마리
ko,4,4,1,plural,1,큰 검은 고양이 세 마리
ko,4,4,1,plural,2,큰 검은 고양이 네 마리
ko,4,4,1,plural,3,큰 검은 고양이 다섯 마리
ko,4,4,1,plural,4,큰 검은 고양이 여섯 마리
ko,4,4,1,plural,5,큰 검은 고양이 일곱 마리
ko,4,4,1,plural,6,큰 검은 고양이 여덟 마리
ko,4,4,2,nom,,어린 검은 고양이가
ko,4,4,2,acc,,어린 검은 고양이를
ko,4,4,2,dat,,어린 검은 고양이
ko,4,4,2,plural,0,어린 검은 고양이 두 마리
ko,4,4,2,plural,1,어린 검은 고양이 세 마리
ko,4,4,2,plural,2,어린 검은 고양이 네 마리
ko,4,4,2,plural,3,어린 검은 고양이 다섯 마리
ko,4,4,2,plural,4,어린 검은 고양이 여섯 마리
ko,4,4,2,plural,5,어린 검은 고양이 일곱 마리
ko,4,4,2,plural,6,어린 검은 고양이 여덟 마리
ko,4,4,3,nom,,늙은 검은 고양이가
ko,4,4,3,acc,,늙은 검은 고양이를
ko,4,4,3,dat,,늙은 검은 고양이
ko,4,4,3,plural,0,늙은 검은 고양이 두 마리
ko,4,4,3,plural,1,늙은 검은 고양이 세 마리
ko,4,4,3,plural,2,늙은 검은 고양이 네 마리
ko,4,4,3,plural,3,늙은 검은 고양이 다섯 마리
ko,4,4,3,plural,4,늙은 검은 고양이 여섯 마리
ko,4,4,3,plural,5,늙은 검은 고양이 일곱 마리
ko,4,4,3,plural,6,늙은 검은 고양이 여덟 마리
ko,4,5,0,nom,,작은 하얀 고양이가
ko,4,5,0,acc,,작은 하얀 고양이를
ko,4,5,0,dat,,작은 하얀 고양이
ko,4,5,0,plural,0,작은 하얀 고양이 두 마리
ko,4,5,0,plural,1,작은 하얀 고양이 세 마리
ko,4,5,0,plural,2,작은 하얀 고양이 네 마리
ko,4,5,0,plural,3,작은 하얀 고양이 다섯 마리
ko,4,5,0,plural,4,작은 하얀 고양이 여섯 마리
ko,4,5,0,plural,5,작은 하얀 고양이 일곱 마리
ko,4,5,0,plural,6,작은 하얀 고양이 여덟 마리
ko,4,5,1,nom,,큰 하얀 고양이가
ko,4,5,1,acc,,큰 하얀 고양이를
ko,4,5,1,dat,,큰 하얀 고양이
ko,4,5,1,plural,0,큰 하얀 고양이 두 마리
ko,4,5,1,plural,1,큰 하얀 고양이 세 마리
ko,4,5,1,plural,2,큰 하얀 고양이 네 마리
ko,4,5,1,plural,3,큰 하얀 고양이 다섯 마리
ko,4,5,1,plural,4,큰 하얀 고양이 여섯 마리
ko,4,5,1,plural,5,큰 하얀 고양이 일곱 마리
ko,4,5,1,plural,6,큰 하얀 고양이 여덟 마리
ko,4,5,2,nom,,어린 하얀 고양이가
ko,4,5,2,acc,,어린 하얀 고양이를
ko,4,5,2,dat,,어린 하얀 고양이
ko,4,5,2,plural,0,어린 하얀 고양이 두 마리
ko,4,5,2,plural,1,어린 하얀 고양이 세 마리
ko,4,5,2,plural,2,어린 하얀 고양이 네 마리
ko,4,5,2,plural,3,어린 하얀 고양이 다섯 마리
ko,4,5,2,plural,4,어린 하얀 고양이 여섯 마리
ko,4,5,2,plural,5,어린 하얀 고양이 일곱 마리
ko,4,5,2,plural,6,어린 하얀 고양이 여덟 마리
ko,4,5,3,nom,,늙은 하얀 고양이가
ko,4,5,3,acc,,늙은 하얀 고양이를
ko,4,5,3,dat,,늙은 하얀 고양이
ko,4,5,3,plural,0,늙은 하얀 고양이 두 마리
ko,4,5,3,plural,1,늙은 하얀 고양이 세 마리
ko,4,5,3,plural,2,늙은 하얀 고양이 네 마리
ko,4,5,3,plural,3,늙은 하얀 고양이 다섯 마리
ko,4,5,3,plural,4,늙은 하얀 고양이 여섯 마리
ko,4,5,3,plural,5,늙은 하얀 고양이 일곱 마리
ko,4,5,3,plural,6,늙은 하얀 고양이 여덟 마리
ko,5,0,0,nom,,작은 빨간 쥐가
ko,5,0,0,acc,,작은 빨간 쥐를
ko,5,0,0,dat,,작은 빨간 쥐
ko,5,0,0,plural,0,작은 빨간 쥐 두 마리
ko,5,0,0,plural,1,작은 빨간 쥐 세 마리
ko,5,0,0,plural,2,작은 빨간 쥐 네 마리
ko,5,0,0,plural,3,작은 빨간 쥐 다섯 마리
ko,5,0,0,plural,4,작은 빨간 쥐 여섯 마리
ko,5,0,0,plural,5,작은 빨간 쥐 일곱 마리
ko,5,0,0,plural,6,작은 빨간 쥐 여덟 마리
ko,5,0,1,nom,,큰 빨간 쥐가
ko,5,0,1,acc,,큰 빨간 쥐를
ko,5,0,1,dat,,큰 빨간 쥐
ko,5,0,1,plural,0,큰 빨간 쥐 두 마리
ko,5,0,1,plural,1,큰 빨간 쥐 세 마리
ko,5,0,1,plural,2,큰 빨간 쥐 네 마리
ko,5,0,1,plural,3,큰 빨간 쥐 다섯 마리
ko,5,0,1,plural,4,큰 빨간 쥐 여섯 마리
ko,5,0,1,plural,5,큰 빨간 쥐 일곱 마리
ko,5,0,1,plural,6,큰 빨간 쥐 여덟 마리
ko,5,0,2,nom,,어린 빨간 쥐가
ko,5,0,2,acc,,어린 빨간 쥐를
ko,5,0,2,dat,,어린 빨간 쥐
ko,5,0,2,plural,0,어린 빨간 쥐 두 마리
ko,5,0,2,plural,1,어린 빨간 쥐 세 마리
ko,5,0,2,plural,2,어린 빨간 쥐 네 마리
ko,5,0,2,plural,3,어린 빨간 쥐 다섯 마리
ko,5,0,2,plural,4,어린 빨간 쥐 여섯 마리
ko,5,0,2,plural,5,어린 빨간 쥐 일곱 마리
ko,5,0,2,plural,6,어린 빨간 쥐 여덟 마리
ko,5,0,3,nom,,늙은 빨간 쥐가
ko,5,0,3,acc,,늙은 빨간 쥐를
ko,5,0,3,dat,,늙은 빨간 쥐
ko,5,0,3,plural,0,늙은 빨간 쥐 두 마리
ko,5,0,3,plural,1,늙은 빨간 쥐 세 마리
ko,5,0,3,plural,2,늙은 빨간 쥐 네 마리
ko,5,0,3,plural,3,늙은 빨간 쥐 다섯 마리
ko,5,0,3,plural,4,늙은 빨간 쥐 여섯 마리
ko,5,0,3,plural,5,늙은 빨간 쥐 일곱 마리
ko,5,0,3,plural,6,늙은 빨간 쥐 여덟 마리
ko,5,1,0,nom,,작은 파란 쥐가
ko,5,1,0,acc,,작은 파란 쥐를
ko,5,1,0,dat,,작은 파란 쥐
ko,5,1,0,plural,0,작은 파란 쥐 두 마리
ko,5,1,0,plural,1,작은 파란 쥐 세 마리
ko,5,1,0,plural,2,작은 파란 쥐 네 마리
ko,5,1,0,plural,3,작은 파란 쥐 다섯 마리
ko,5,1,0,plural,4,작은 파란 쥐 여섯 마리
ko,5,1,0,plural,5,작은 파란 쥐 일곱 마리
ko,5,1,0,plural,6,작은 파란 쥐 여덟 마리
ko,5,1,1,nom,,큰 파란 쥐가
ko,5,1,1,acc,,큰 파란 쥐를
ko,5,1,1,dat,,큰 파란 쥐
ko,5,1,1,plural,0,큰 파란 쥐 두 마리
ko,5,1,1,plural,1,큰 파란 쥐 세 마리
ko,5,1,1,plural,2,큰 파란 쥐 네 마리
ko,5,1,1,plural,3,큰 파란 쥐 다섯 마리
ko,5,1,1,plural,4,큰 파란 쥐 여섯 마리
ko,5,1,1,plural,5,큰 파란 쥐 일곱 마리
ko,5,1,1,plural,6,큰 파란 쥐 여덟 마리
ko,5,1,2,nom,,어린 파란 쥐가
ko,5,1,2,acc,,어린 파란 쥐를
ko,5,1,2,dat,,어린 파란 쥐
ko,5,1,2,plural,0,어린 파란 쥐 두 마리
ko,5,1,2,plural,1,어린 파란 쥐 세 마리
ko,5,1,2,plural,2,어린 파란 쥐 네 마리
ko,5,1,2,plural,3,어린 파란 쥐 다섯 마리
ko,5,1,2,plural,4,어린 파란 쥐 여섯 마리
ko,5,1,2,plural,5,어린 파란 쥐 일곱 마리
ko,5,1,2,plural,6,어린 파란 쥐 여덟 마리
ko,5,1,3,nom,,늙은 파란 쥐가
ko,5,1,3,acc,,늙은 파란 쥐를
ko,5,1,3,dat,,늙은 파란 쥐
ko,5,1,3,plural,0,늙은 파란 쥐 두 마리
ko,5,1,3,plural,1,늙은 파란 쥐 세 마리
ko,5,1,3,plural,2,늙은 파란 쥐 네 마리
ko,5,1,3,plural,3,늙은 파란 쥐 다섯 마리
ko,5,1,3,plural,4,늙은 파란 쥐 여섯 마리
ko,5,1,3,plural,5,늙은 파란 쥐 일곱 마리
ko,5,1,3,plural,6,늙은 파란 쥐 여덟 마리
ko,5,2,0,nom,,작은 초록색 쥐가
ko,5,2,0,acc,,작은 초록색 쥐를
ko,5,2,0,dat,,작은 초록색 쥐
ko,5,2,0,plural,0,작은 초록색 쥐 두 마리
ko,5,2,0,plural,1,작은 초록색 쥐 세 마리
ko,5,2,0,plural,2,작은 초록색 쥐 네 마리
ko,5,2,0,plural,3,작은 초록색 쥐 다섯 마리
ko,5,2,0,plural,4,작은 초록색 쥐 여섯 마리
ko,5,2,0,plural,5,작은 초록색 쥐 일곱 마리
ko,5,2,0,plural,6,작은 초록색 쥐 여덟 마리
ko,5,2,1,nom,,큰 초록색 쥐가
ko,5,2,1,acc,,큰 초록색 쥐를
ko,5,2,1,dat,,큰 초록색 쥐
ko,5,2,1,plural,0,큰 초록색 쥐 두 마리
ko,5,2,1,plural,1,큰 초록색 쥐 세 마리
ko,5,2,1,plural,2,큰 초록색 쥐 네 마리
ko,5,2,1,plural,3,큰 초록색 쥐 다섯 마리
ko,5,2,1,plural,4,큰 초록색 쥐 여섯 마리
ko,5,2,1,plural,5,큰 초록색 쥐 일곱 마리
ko,5,2,1,plural,6,큰 초록색 쥐 여덟 마리
ko,5,2,2,nom,,어린 초록색 쥐가
ko,5,2,2,acc,,어린 초록색 쥐를
ko,5,2,2,dat,,어린 초록색 쥐
ko,5,2,2,plural,0,어린 초록색 쥐 두 마리
ko,5,2,2,plural,1,어린 초록색 쥐 세 마리
ko,5,2,2,plural,2,어린 초록색 쥐 네 마리
ko,5,2,2,plural,3,어린 초록색 쥐 다섯 마리
ko,5,2,2,plural,4,어린 초록색 쥐 여섯 마리
ko,5,2,2,plural,5,어린 초록색 쥐 일곱 마리
ko,5,2,2,plural,6,어린 초록색 쥐 여덟 마리
ko,5,2,3,nom,,늙은 초록색 쥐가
ko,5,2,3,acc,,늙은 초록색 쥐를
ko,5,2,3,dat,,늙은 초록색 쥐
ko,5,2,3,plural,0,늙은 초록색 쥐 두 마리
ko,5,2,3,plural,1,늙은 초록색 쥐 세 마리
ko,5,2,3,plural,2,늙은 초록색 쥐 네 마리
ko,5,2,3,plural,3,늙은 초록색 쥐 다섯 마리
ko,5,2,3,plural,4,늙은 초록색 쥐 여섯 마리
ko,5,2,3,plural,5,늙은 초록색 쥐 일곱 마리
ko,5,2,3,plural,6,늙은 초록색 쥐 여덟 마리
ko,5,3,0,nom,,작은 노란 쥐가
ko,5,3,0,acc,,작은 노란 쥐를
ko,5,3,0,dat,,작은 노란 쥐
ko,5,3,0,plural,0,작은 노란 쥐 두 마리
ko,5,3,0,plural,1,작은 노란 쥐 세 마리
ko,5,3,0,plural,2,작은 노란 쥐 네 마리
ko,5,3,0,plural,3,작은 노란 쥐 다섯 마리
ko,5,3,0,plural,4,작은 노란 쥐 여섯 마리
ko,5,3,0,plural,5,작은 노란 쥐 일곱 마리
ko,5,3,0,plural,6,작은 노란 쥐 여덟 마리
ko,5,3,1,nom,,큰 노란 쥐가
ko,5,3,1,acc,,큰 노란 쥐를
ko,5,3,1,dat,,큰 노란 쥐
ko,5,3,1,plural,0,큰 노란 쥐 두 마리
ko,5,3,1,plural,1,큰 노란 쥐 세 마리
ko,5,3,1,plural,2,큰 노란 쥐 네 마리
ko,5,3,1,plural,3,큰 노란 쥐 다섯 마리
ko,5,3,1,plural,4,큰 노란 쥐 여섯 마리
ko,5,3,1,plural,5,큰 노란 쥐 일곱 마리
ko,5,3,1,plural,6,큰 노란 쥐 여덟 마리
ko,5,3,2,nom,,어린 노란 쥐가
ko,5,3,2,acc,,어린 노란 쥐를
ko,5,3,2,dat,,어린 노란 쥐
ko,5,3,2,plural,0,어린 노란 쥐 두 마리
ko,5,3,2,plural,1,어린 노란 쥐 세 마리
ko,5,3,2,plural,2,어린 노란 쥐 네 마리
ko,5,3,2,plural,3,어린 노란 쥐 다섯 마리
ko,5,3,2,plural,4,어린 노란 쥐 여섯 마리
ko,5,3,2,plural,5,어린 노란 쥐 일곱 마리
ko,5,3,2,plural,6,어린 노란 쥐 여덟 마리
ko,5,3,3,nom,,늙은 노란 쥐가
ko,5,3,3,acc,,늙은 노란 쥐를
ko,5,3,3,dat,,늙은 노란 쥐
ko,5,3,3,plural,0,늙은 노란 쥐 두 마리
ko,5,3,3,plural,1,늙은 노란 쥐 세 마리
ko,5,3,3,plural,2,늙은 노란 쥐 네 마리
ko,5,3,3,plural,3,늙은 노란 쥐 다섯 마리
ko,5,3,3,plural,4,늙은 노란 쥐 여섯 마리
ko,5,3,3,plural,5,늙은 노란 쥐 일곱 마리
ko,5,3,3,plural,6,늙은 노란 쥐 여덟 마리
ko,5,4,0,nom,,작은 검은 쥐가
ko,5,4,0,acc,,작은 검은 쥐를
ko,5,4,0,dat,,작은 검은 쥐
ko,5,4,0,plural,0,작은 검은 쥐 두 마리
ko,5,4,0,plural,1,작은 검은 쥐 세 마리
ko,5,4,0,plural,2,작은 검은 쥐 네 마리
ko,5,4,0,plural,3,작은 검은 쥐 다섯 마리
ko,5,4,0,plural,4,작은 검은 쥐 여섯 마리
ko,5,4,0,plural,5,작은 검은 쥐 일곱 마리
ko,5,4,0,plural,6,작은 검은 쥐 여덟 마리
ko,5,4,1,nom,,큰 검은 쥐가
ko,5,4,1,acc,,큰 검은 쥐를
ko,5,4,1,dat,,큰 검은 쥐
ko,5,4,1,plural,0,큰 검은 쥐 두 마리
ko,5,4,1,plural,1,큰 검은 쥐 세 마리
ko,5,4,1,plural,2,큰 검은 쥐 네 마리
ko,5,4,1,plural,3,큰 검은 쥐 다섯 마리
ko,5,4,1,plural,4,큰 검은 쥐 여섯 마리
ko,5,4,1,plural,5,큰 검은 쥐 일곱 마리
ko,5,4,1,plural,6,큰 검은 쥐 여덟 마리
ko,5,4,2,nom,,어린 검은 쥐가
ko,5,4,2,acc,,어린 검은 쥐를
ko,5,4,2,dat,,어린 검은 쥐
ko,5,4,2,plural,0,어린 검은 쥐 두 마리
ko,5,4,2,plural,1,어린 검은 쥐 세 마리
ko,5,4,2,plural,2,어린 검은 쥐 네 마리
ko,5,4,2,plural,3,어린 검은 쥐 다섯 마리
ko,5,4,2,plural,4,어린 검은 쥐 여섯 마리
ko,5,4,2,plural,5,어린 검은 쥐 일곱 마리
ko,5,4,2,plural,6,어린 검은 쥐 여덟 마리
ko,5,4,3,nom,,늙은 검은 쥐가
ko,5,4,3,acc,,늙은 검은 쥐를
ko,5,4,3,dat,,늙은 검은 쥐
ko,5,4,3,plural,0,늙은 검은 쥐 두 마리
ko,5,4,3,plural,1,늙은 검은 쥐 세 마리
ko,5,4,3,plural,2,늙은 검은 쥐 네 마리
ko,5,4,3,plural,3,늙은 검은 쥐 다섯 마리
ko,5,4,3,plural,4,늙은 검은 쥐 여섯 마리
ko,5,4,3,plural,5,늙은 검은 쥐 일곱 마리
ko,5,4,3,plural,6,늙은 검은 쥐 여덟 마리
ko,5,5,0,nom,,작은 하얀 쥐가
ko,5,5,0,acc,,작은 하얀 쥐를
ko,5,5,0,dat,,작은 하얀 쥐
ko,5,5,0,plural,0,작은 하얀 쥐 두 마리
ko,5,5,0,plural,1,작은 하얀 쥐 세 마리
ko,5,5,0,plural,2,작은 하얀 쥐 네 마리
ko,5,5,0,plural,3,작은 하얀 쥐 다섯 마리
ko,5,5,0,plural,4,작은 하얀 쥐 여섯 마리
ko,5,5,0,plural,5,작은 하얀 쥐 일곱 마리
ko,5,5,0,plural,6,작은 하얀 쥐 여덟 마리
ko,5,5,1,nom,,큰 하얀 쥐가
ko,5,5,1,acc,,큰 하얀 쥐를
ko,5,5,1,dat,,큰 하얀 쥐
ko,5,5,1,plural,0,큰 하얀 쥐 두 마리
ko,5,5,1,plural,1,큰 하얀 쥐 세 마리
ko,5,5,1,plural,2,큰 하얀 쥐 네 마리
ko,5,5,1,plural,3,큰 하얀 쥐 다섯 마리
ko,5,5,1,plural,4,큰 하얀 쥐 여섯 마리
ko,5,5,1,plural,5,큰 하얀 쥐 일곱 마리
ko,5,5,1,plural,6,큰 하얀 쥐 여덟 마리
ko,5,5,2,nom,,어린 하얀 쥐가
ko,5,5,2,acc,,어린 하얀 쥐를
ko,5,5,2,dat,,어린 하얀 쥐
ko,5,5,2,plural,0,어린 하얀 쥐 두 마리
ko,5,5,2,plural,1,어린 하얀 쥐 세 마리
ko,5,5,2,plural,2,어린 하얀 쥐 네 마리
ko,5,5,2,plural,3,어린 하얀 쥐 다섯 마리
ko,5,5,2,plural,4,어린 하얀 쥐 여섯 마리
ko,5,5,2,plural,5,어린 하얀 쥐 일곱 마리
ko,5,5,2,plural,6,어린 하얀 쥐 여덟 마리
ko,5,5,3,nom,,늙은 하얀 쥐가
ko,5,5,3,acc,,늙은 하얀 쥐를
ko,5,5,3,dat,,늙은 하얀 쥐
ko,5,5,3,plural,0,늙은 하얀 쥐 두 마리
ko,5,5,3,plural,1,늙은 하얀 쥐 세 마리
ko,5,5,3,plural,2,늙은 하얀 쥐 네 마리
ko,5,5,3,plural,3,늙은 하얀 쥐 다섯 마리
ko,5,5,3,plural,4,늙은 하얀 쥐 여섯 마리
ko,5,5,3,plural,5,늙은 하얀 쥐 일곱 마리
ko,5,5,3,plural,6,늙은 하얀 쥐 여덟 마리
ko,6,0,0,nom,,작은 빨간 소가
ko,6,0,0,acc,,작은 빨간 소를
ko,6,0,0,dat,,작은 빨간 소
ko,6,0,0,plural,0,작은 빨간 소 두 마리
ko,6,0,0,plural,1,작은 빨간 소 세 마리
ko,6,0,0,plural,2,작은 빨간 소 네 마리
ko,6,0,0,plural,3,작은 빨간 소 다섯 마리
ko,6,0,0,plural,4,작은 빨간 소 여섯 마리
ko,6,0,0,plural,5,작은 빨간 소 일곱 마리
ko,6,0,0,plural,6,작은 빨간 소 여덟 마리
ko,6,0,1,nom,,큰 빨간 소가
ko,6,0,1,acc,,큰 빨간 소를
ko,6,0,1,dat,,큰 빨간 소
ko,6,0,1,plural,0,큰 빨간 소 두 마리
ko,6,0,1,plural,1,큰 빨간 소 세 마리
ko,6,0,1,plural,2,큰 빨간 소 네 마리
ko,6,0,1,plural,3,큰 빨간 소 다섯 마리
ko,6,0,1,plural,4,큰 빨간 소 여섯 마리
ko,6,0,1,plural,5,큰 빨간 소 일곱 마리
ko,6,0,1,plural,6,큰 빨간 소 여덟 마리
ko,6,0,2,nom,,어린 빨간 소가
ko,6,0,2,acc,,어린 빨간 소를
ko,6,0,2,dat,,어린 빨간 소
ko,6,0,2,plural,0,어린 빨간 소 두 마리
ko,6,0,2,plural,1,어린 빨간 소 세 마리
ko,6,0,2,plural,2,어린 빨간 소 네 마리
ko,6,0,2,plural,3,어린 빨간 소 다섯 마리
ko,6,0,2,plural,4,어린 빨간 소 여섯 마리
ko,6,0,2,plural,5,어린 빨간 소 일곱 마리
ko,6,0,2,plural,6,어린 빨간 소 여덟 마리
ko,6,0,3,nom,,늙은 빨간 소가
ko,6,0,3,acc,,늙은 빨간 소를
ko,6,0,3,dat,,늙은 빨간 소
ko,6,0,3,plural,0,늙은 빨간 소 두 마리
ko,6,0,3,plural,1,늙은 빨간 소 세 마리
ko,6,0,3,plural,2,늙은 빨간 소 네 마리
ko,6,0,3,plural,3,늙은 빨간 소 다섯 마리
ko,6,0,3,plural,4,늙은 빨간 소 여섯 마리
ko,6,0,3,plural,5,늙은 빨간 소 일곱 마리
ko,6,0,3,plural,6,늙은 빨간 소 여덟 마리
ko,6,1,0,nom,,작은 파란 소가
ko,6,1,0,acc,,작은 파란 소를
ko,6,1,0,dat,,작은 파란 소
ko,6,1,0,plural,0,작은 파란 소 두 마리
ko,6,1,0,plural,1,작은 파란 소 세 마리
ko,6,1,0,plural,2,작은 파란 소 네 마리
ko,6,1,0,plural,3,작은 파란 소 다섯 마리
ko,6,1,0,plural,4,작은 파란 소 여섯 마리
ko,6,1,0,plural,5,작은 파란 소 일곱 마리
ko,6,1,0,plural,6,작은 파란 소 여덟 마리
ko,6,1,1,nom,,큰 파란 소가
ko,6,1,1,acc,,큰 파란 소를
ko,6,1,1,dat,,큰 파란 소
ko,6,1,1,plural,0,큰 파란 소 두 마리
ko,6,1,1,plural,1,큰 파란 소 세 마리
ko,6,1,1,plural,2,큰 파란 소 네 마리
ko,6,1,1,plural,3,큰 파란 소 다섯 마리
ko,6,1,1,plural,4,큰 파란 소 여섯 마리
ko,6,1,1,plural,5,큰 파란 소 일곱 마리
ko,6,1,1,plural,6,큰 파란 소 여덟 마리
ko,6,1,2,nom,,어린 파란 소가
ko,6,1,2,acc,,어린 파란 소를
ko,6,1,2,dat,,어린 파란 소
ko,6,1,2,plural,0,어린 파란 소 두 마리
ko,6,1,2,plural,1,어린 파란 소 세 마리
ko,6,1,2,plural,2,어린 파란 소 네 마리
ko,6,1,2,plural,3,어린 파란 소 다섯 마리
ko,6,1,2,plural,4,어린 파란 소 여섯 마리
ko,6,1,2,plural,5,어린 파란 소 일곱 마리
ko,6,1,2,plural,6,어린 파란 소 여덟 마리
ko,6,1,3,nom,,늙은 파란 소가
ko,6,1,3,acc,,늙은 파란 소를
ko,6,1,3,dat,,늙은 파란 소
ko,6,1,3,plural,0,늙은 파란 소 두 마리
ko,6,1,3,plural,1,늙은 파란 소 세 마리
ko,6,1,3,plural,2,늙은 파란 소 네 마리
ko,6,1,3,plural,3,늙은 파란 소 다섯 마리
ko,6,1,3,plural,4,늙은 파란 소 여섯 마리
ko,6,1,3,plural,5,늙은 파란 소 일곱 마리
ko,6,1,3,plural,6,늙은 파란 소 여덟 마리
ko,6,2,0,nom,,작은 초록색 소가
ko,6,2,0,acc,,작은 초록색 소를
ko,6,2,0,dat,,작은 초록색 소
ko,6,2,0,plural,0,작은 초록색 소 두 마리
ko,6,2,0,plural,1,작은 초록색 소 세 마리
ko,6,2,0,plural,2,작은 초록색 소 네 마리
ko,6,2,0,plural,3,작은 초록색 소 다섯 마리
ko,6,2,0,plural,4,작은 초록색 소 여섯 마리
ko,6,2,0,plural,5,작은 초록색 소 일곱 마리
ko,6,2,0,plural,6,작은 초록색 소 여덟 마리
ko,6,2,1,nom,,큰 초록색 소가
ko,6,2,1,acc,,큰 초록색 소를
ko,6,2,1,dat,,큰 초록색 소
ko,6,2,1,plural,0,큰 초록색 소 두 마리
ko,6,2,1,plural,1,큰 초록색 소 세 마리
ko,6,2,1,plural,2,큰 초록색 소 네 마리
ko,6,2,1,plural,3,큰 초록색 소 다섯 마리
ko,6,2,1,plural,4,큰 초록색 소 여섯 마리
ko,6,2,1,plural,5,큰 초록색 소 일곱 마리
ko,6,2,1,plural,6,큰 초록색 소 여덟 마리
ko,6,2,2,nom,,어린 초록색 소가
ko,6,2,2,acc,,어린 초록색 소를
ko,6,2,2,dat,,어린 초록색 소
ko,6,2,2,plural,0,어린 초록색 소 두 마리
ko,6,2,2,plural,1,어린 초록색 소 세 마리
ko,6,2,2,plural,2,어린 초록색 소 네 마리
ko,6,2,2,plural,3,어린 초록색 소 다섯 마리
ko,6,2,2,plural,4,어린 초록색 소 여섯 마리
ko,6,2,2,plural,5,어린 초록색 소 일곱 마리
ko,6,2,2,plural,6,어린 초록색 소 여덟 마리
ko,6,2,3,nom,,늙은 초록색 소가
ko,6,2,3,acc,,늙은 초록색 소를
ko,6,2,3,dat,,늙은 초록색 소
ko,6,2,3,plural,0,늙은 초록색 소 두 마리
ko,6,2,3,plural,1,늙은 초록색 소 세 마리
ko,6,2,3,plural,2,늙은 초록색 소 네 마리
ko,6,2,3,plural,3,늙은 초록색 소 다섯 마리
ko,6,2,3,plural,4,늙은 초록색 소 여섯 마리
ko,6,2,3,plural,5,늙은 초록색 소 일곱 마리
ko,6,2,3,plural,6,늙은 초록색 소 여덟 마리
ko,6,3,0,nom,,작은 노란 소가
ko,6,3,0,acc,,작은 노란 소를
ko,6,3,0,dat,,작은 노란 소
ko,6,3,0,plural,0,작은 노란 소 두 마리
ko,6,3,0,plural,1,작은 노란 소 세 마리
ko,6,3,0,plural,2,작은 노란 소 네 마리
ko,6,3,0,plural,3,작은 노란 소 다섯 마리
ko,6,3,0,plural,4,작은 노란 소 여섯 마리
ko,6,3,0,plural,5,작은 노란 소 일곱 마리
ko,6,3,0,plural,6,작은 노란 소 여덟 마리
ko,6,3,1,nom,,큰 노란 소가
ko,6,3,1,acc,,큰 노란 소를
ko,6,3,1,dat,,큰 노란 소
ko,6,3,1,plural,0,큰 노란 소 두 마리
ko,6,3,1,plural,1,큰 노란 소 세 마리
ko,6,3,1,plural,2,큰 노란 소 네 마리
ko,6,3,1,plural,3,큰 노란 소 다섯 마리
ko,6,3,1,plural,4,큰 노란 소 여섯 마리
ko,6,3,1,plural,5,큰 노란 소 일곱 마리
ko,6,3,1,plural,6,큰 노란 소 여덟 마리
ko,6,3,2,nom,,어린 노란 소가
ko,6,3,2,acc,,어린 노란 소를
ko,6,3,2,dat,,어린 노란 소
ko,6,3,2,plural,0,어린 노란 소 두 마리
ko,6,3,2,plural,1,어린 노란 소 세 마리
ko,6,3,2,plural,2,어린 노란 소 네 마리
ko,6,3,2,plural,3,어린 노란 소 다섯 마리
ko,6,3,2,plural,4,어린 노란 소 여섯 마리
ko,6,3,2,plural,5,어린 노란 소 일곱 마리
ko,6,3,2,plural,6,어린 노란 소 여덟 마리
ko,6,3,3,nom,,늙은 노란 소가
ko,6,3,3,acc,,늙은 노란 소를
ko,6,3,3,dat,,늙은 노란 소
ko,6,3,3,plural,0,늙은 노란 소 두 마리
ko,6,3,3,plural,1,늙은 노란 소 세 마리
ko,6,3,3,plural,2,늙은 노란 소 네 마리
ko,6,3,3,plural,3,늙은 노란 소 다섯 마리
ko,6,3,3,plural,4,늙은 노란 소 여섯 마리
ko,6,3,3,plural,5,늙은 노란 소 일곱 마리
ko,6,3,3,plural,6,늙은 노란 소 여덟 마리
ko,6,4,0,nom,,작은 검은 소가
ko,6,4,0,acc,,작은 검은 소를
ko,6,4,0,dat,,작은 검은 소
ko,6,4,0,plural,0,작은 검은 소 두 마리
ko,6,4,0,plural,1,작은 검은 소 세 마리
ko,6,4,0,plural,2,작은 검은 소 네 마리
ko,6,4,0,plural,3,작은 검은 소 다섯 마리
ko,6,4,0,plural,4,작은 검은 소 여섯 마리
ko,6,4,0,plural,5,작은 검은 소 일곱 마리
ko,6,4,0,plural,6,작은 검은 소 여덟 마리
ko,6,4,1,nom,,큰 검은 소가
ko,6,4,1,acc,,큰 검은 소를
ko,6,4,1,dat,,큰 검은 소
ko,6,4,1,plural,0,큰 검은 소 두 마리
ko,6,4,1,plural,1,큰 검은 소 세 마리
ko,6,4,1,plural,2,큰 검은 소 네 마리
ko,6,4,1,plural,3,큰 검은 소 다섯 마리
ko,6,4,1,plural,4,큰 검은 소 여섯 마리
ko,6,4,1,plural,5,큰 검은 소 일곱 마리
ko,6,4,1,plural,6,큰 검은 소 여덟 마리
ko,6,4,2,nom,,어린 검은 소가
ko,6,4,2,acc,,어린 검은 소를
ko,6,4,2,dat,,어린 검은 소
ko,6,4,2,plural,0,어린 검은 소 두 마리
ko,6,4,2,plural,1,어린 검은 소 세 마리
ko,6,4,2,plural,2,어린 검은 소 네 마리
ko,6,4,2,plural,3,어린 검은 소 다섯 마리
ko,6,4,2,plural,4,어린 검은 소 여섯 마리
ko,6,4,2,plural,5,어린 검은 소 일곱 마리
ko,6,4,2,plural,6,어린 검은 소 여덟 마리
ko,6,4,3,nom,,늙은 검은 소가
ko,6,4,3,acc,,늙은 검은 소를
ko,6,4,3,dat,,늙은 검은 소
ko,6,4,3,plural,0,늙은 검은 소 두 마리
ko,6,4,3,plural,1,늙은 검은 소 세 마리
ko,6,4,3,plural,2,늙은 검은 소 네 마리
ko,6,4,3,plural,3,늙은 검은 소 다섯 마리
ko,6,4,3,plural,4,늙은 검은 소 여섯 마리
ko,6,4,3,plural,5,늙은 검은 소 일곱 마리
ko,6,4,3,plural,6,늙은 검은 소 여덟 마리
ko,6,5,0,nom,,작은 하얀 소가
ko,6,5,0,acc,,작은 하얀 소를
ko,6,5,0,dat,,작은 하얀 소
ko,6,5,0,plural,0,작은 하얀 소 두 마리
ko,6,5,0,plural,1,작은 하얀 소 세 마리
ko,6,5,0,plural,2,작은 하얀 소 네 마리
ko,6,5,0,plural,3,작은 하얀 소 다섯 마리
ko,6,5,0,plural,4,작은 하얀 소 여섯 마리
ko,6,5,0,plural,5,작은 하얀 소 일곱 마리
ko,6,5,0,plural,6,작은 하얀 소 여덟 마리
ko,6,5,1,nom,,큰 하얀 소가
ko,6,5,1,acc,,큰 하얀 소를
ko,6,5,1,dat,,큰 하얀 소
ko,6,5,1,plural,0,큰 하얀 소 두 마리
ko,6,5,1,plural,1,큰 하얀 소 세 마리
ko,6,5,1,plural,2,큰 하얀 소 네 마리
ko,6,5,1,plural,3,큰 하얀 소 다섯 마리
ko,6,5,1,plural,4,큰 하얀 소 여섯 마리
ko,6,5,1,plural,5,큰 하얀 소 일곱 마리
ko,6,5,1,plural,6,큰 하얀 소 여덟 마리
ko,6,5,2,nom,,어린 하얀 소가
ko,6,5,2,acc,,어린 하얀 소를
ko,6,5,2,dat,,어린 하얀 소
ko,6,5,2,plural,0,어린 하얀 소 두 마리
ko,6,5,2,plural,1,어린 하얀 소 세 마리
ko,6,5,2,plural,2,어린 하얀 소 네 마리
ko,6,5,2,plural,3,어린 하얀 소 다섯 마리
ko,6,5,2,plural,4,어린 하얀 소 여섯 마리
ko,6,5,2,plural,5,어린 하얀 소 일곱 마리
ko,6,5,2,plural,6,어린 하얀 소 여덟 마리
ko,6,5,3,nom,,늙은 하얀 소가
ko,6,5,3,acc,,늙은 하얀 소를
ko,6,5,3,dat,,늙은 하얀 소
ko,6,5,3,plural,0,늙은 하얀 소 두 마리
ko,6,5,3,plural,1,늙은 하얀 소 세 마리
ko,6,5,3,plural,2,늙은 하얀 소 네 마리
ko,6,5,3,plural,3,늙은 하얀 소 다섯 마리
ko,6,5,3,plural,4,늙은 하얀 소 여섯 마리
ko,6,5,3,plural,5,늙은 하얀 소 일곱 마리
ko,6,5,3,plural,6,늙은 하얀 소 여덟 마리
ko,7,0,0,nom,,작은 빨간 오리가
ko,7,0,0,acc,,작은 빨간 오리를
ko,7,0,0,dat,,작은 빨간 오리
ko,7,0,0,plural,0,작은 빨간 오리 두 마리
ko,7,0,0,plural,1,작은 빨간 오리 세 마리
ko,7,0,0,plural,2,작은 빨간 오리 네 마리
ko,7,0,0,plural,3,작은 빨간 오리 다섯 마리
ko,7,0,0,plural,4,작은 빨간 오리 여섯 마리
ko,7,0,0,plural,5,작은 빨간 오리 일곱 마리
ko,7,0,0,plural,6,작은 빨간 오리 여덟 마리
ko,7,0,1,nom,,큰 빨간 오리가
ko,7,0,1,acc,,큰 빨간 오리를
ko,7,0,1,dat,,큰 빨간 오리
ko,7,0,1,plural,0,큰 빨간 오리 두 마리
ko,7,0,1,plural,1,큰 빨간 오리 세 마리
ko,7,0,1,plural,2,큰 빨간 오리 네 마리
ko,7,0,1,plural,3,큰 빨간 오리 다섯 마리
ko,7,0,1,plural,4,큰 빨간 오리 여섯 마리
ko,7,0,1,plural,5,큰 빨간 오리 일곱 마리
ko,7,0,1,plural,6,큰 빨간 오리 여덟 마리
ko,7,0,2,nom,,어린 빨간 오리가
ko,7,0,2,acc,,어린 빨간 오리를
ko,7,0,2,dat,,어린 빨간 오리
ko,7,0,2,plural,0,어린 빨간 오리 두 마리
ko,7,0,2,plural,1,어린 빨간 오리 세 마리
ko,7,0,2,plural,2,어린 빨간 오리 네 마리
ko,7,0,2,plural,3,어린 빨간 오리 다섯 마리
ko,7,0,2,plural,4,어린 빨간 오리 여섯 마리
ko,7,0,2,plural,5,어린 빨간 오리 일곱 마리
ko,7,0,2,plural,6,어린 빨간 오리 여덟 마리
ko,7,0,3,nom,,늙은 빨간 오리가
ko,7,0,3,acc,,늙은 빨간 오리를
ko,7,0,3,dat,,늙은 빨간 오리
ko,7,0,3,plural,0,늙은 빨간 오리 두 마리
ko,7,0,3,plural,1,늙은 빨간 오리 세 마리
ko,7,0,3,plural,2,늙은 빨간 오리 네 마리
ko,7,0,3,plural,3,늙은 빨간 오리 다섯 마리
ko,7,0,3,plural,4,늙은 빨간 오리 여섯 마리
ko,7,0,3,plural,5,늙은 빨간 오리 일곱 마리
ko,7,0,3,plural,6,늙은 빨간 오리 여덟 마리
ko,7,1,0,nom,,작은 파란 오리가
ko,7,1,0,acc,,작은 파란 오리를
ko,7,1,0,dat,,작은 파란 오리
ko,7,1,0,plural,0,작은 파란 오리 두 마리
ko,7,1,0,plural,1,작은 파란 오리 세 마리
ko,7,1,0,plural,2,작은 파란 오리 네 마리
ko,7,1,0,plural,3,작은 파란 오리 다섯 마리
ko,7,1,0,plural,4,작은 파란 오리 여섯 마리
ko,7,1,0,plural,5,작은 파란 오리 일곱 마리
ko,7,1,0,plural,6,작은 파란 오리 여덟 마리
ko,7,1,1,nom,,큰 파란 오리가
ko,7,1,1,acc,,큰 파란 오리를
ko,7,1,1,dat,,큰 파란 오리
ko,7,1,1,plural,0,큰 파란 오리 두 마리
ko,7,1,1,plural,1,큰 파란 오리 세 마리
ko,7,1,1,plural,2,큰 파란 오리 네 마리
ko,7,1,1,plural,3,큰 파란 오리 다섯 마리
ko,7,1,1,plural,4,큰 파란 오리 여섯 마리
ko,7,1,1,plural,5,큰 파란 오리 일곱 마리
ko,7,1,1,plural,6,큰 파란 오리 여덟 마리
ko,7,1,2,nom,,어린 파란 오리가
ko,7,1,2,acc,,어린 파란 오리를
ko,7,1,2,dat,,어린 파란 오리
ko,7,1,2,plural,0,어린 파란 오리 두 마리
ko,7,1,2,plural,1,어린 파란 오리 세 마리
ko,7,1,2,plural,2,어린 파란 오리 네 마리
ko,7,1,2,plural,3,어린 파란 오리 다섯 마리
ko,7,1,2,plural,4,어린 파란 오리 여섯 마리
ko,7,1,2,plural,5,어린 파란 오리 일곱 마리
ko,7,1,2,plural,6,어린 파란 오리 여덟 마리
ko,7,1,3,nom,,늙은 파란 오리가
ko,7,1,3,acc,,늙은 파란 오리를
ko,7,1,3,dat,,늙은 파란 오리
ko,7,1,3,plural,0,늙은 파란 오리 두 마리
ko,7,1,3,plural,1,늙은 파란 오리 세 마리
ko,7,1,3,plural,2,늙은 파란 오리 네 마리
ko,7,1,3,plural,3,늙은 파란 오리 다섯 마리
ko,7,1,3,plural,4,늙은 파란 오리 여섯 마리
ko,7,1,3,plural,5,늙은 파란 오리 일곱 마리
ko,7,1,3,plural,6,늙은 파란 오리 여덟 마리
ko,7,2,0,nom,,작은 초록색 오리가
ko,7,2,0,acc,,작은 초록색 오리를
ko,7,2,0,dat,,작은 초록색 오리
ko,7,2,0,plural,0,작은 초록색 오리 두 마리
ko,7,2,0,plural,1,작은 초록색 오리 세 마리
ko,7,2,0,plural,2,작은 초록색 오리 네 마리
ko,7,2,0,plural,3,작은 초록색 오리 다섯 마리
ko,7,2,0,plural,4,작은 초록색 오리 여섯 마리
ko,7,2,0,plural,5,작은 초록색 오리 일곱 마리
ko,7,2,0,plural,6,작은 초록색 오리 여덟 마리
ko,7,2,1,nom,,큰 초록색 오리가
ko,7,2,1,acc,,큰 초록색 오리를
ko,7,2,1,dat,,큰 초록색 오리
ko,7,2,1,plural,0,큰 초록색 오리 두 마리
ko,7,2,1,plural,1,큰 초록색 오리 세 마리
ko,7,2,1,plural,2,큰 초록색 오리 네 마리
ko,7,2,1,plural,3,큰 초록색 오리 다섯 마리
ko,7,2,1,plural,4,큰 초록색 오리 여섯 마리
ko,7,2,1,plural,5,큰 초록색 오리 일곱 마리
ko,7,2,1,plural,6,큰 초록색 오리 여덟 마리
ko,7,2,2,nom,,어린 초록색 오리가
ko,7,2,2,acc,,어린 초록색 오리를
ko,7,2,2,dat,,어린 초록색 오리
ko,7,2,2,plural,0,어린 초록색 오리 두 마리
ko,7,2,2,plural,1,어린 초록색 오리 세 마리
ko,7,2,2,plural,2,어린 초록색 오리 네 마리
ko,7,2,2,plural,3,어린 초록색 오리 다섯 마리
ko,7,2,2,plural,4,어린 초록색 오리 여섯 마리
ko,7,2,2,plural,5,어린 초록색 오리 일곱 마리
ko,7,2,2,plural,6,어린 초록색 오리 여덟 마리
ko,7,2,3,nom,,늙은 초록색 오리가
ko,7,2,3,acc,,늙은 초록색 오리를
ko,7,2,3,dat,,늙은 초록색 오리
ko,7,2,3,plural,0,늙은 초록색 오리 두 마리
ko,7,2,3,plural,1,늙은 초록색 오리 세 마리
ko,7,2,3,plural,2,늙은 초록색 오리 네 마리
ko,7,2,3,plural,3,늙은 초록색 오리 다섯 마리
ko,7,2,3,plural,4,늙은 초록색 오리 여섯 마리
ko,7,2,3,plural,5,늙은 초록색 오리 일곱 마리
ko,7,2,3,plural,6,늙은 초록색 오리 여덟 마리
ko,7,3,0,nom,,작은 노란 오리가
ko,7,3,0,acc,,작은 노란 오리를
ko,7,3,0,dat,,작은 노란 오리
ko,7,3,0,plural,0,작은 노란 오리 두 마리
ko,7,3,0,plural,1,작은 노란 오리 세 마리
ko,7,3,0,plural,2,작은 노란 오리 네 마리
ko,7,3,0,plural,3,작은 노란 오리 다섯 마리
ko,7,3,0,plural,4,작은 노란 오리 여섯 마리
ko,7,3,0,plural,5,작은 노란 오리 일곱 마리
ko,7,3,0,plural,6,작은 노란 오리 여덟 마리
ko,7,3,1,nom,,큰 노란 오리가
ko,7,3,1,acc,,큰 노란 오리를
ko,7,3,1,dat,,큰 노란 오리
ko,7,3,1,plural,0,큰 노란 오리 두 마리
ko,7,3,1,plural,1,큰 노란 오리 세 마리
ko,7,3,1,plural,2,큰 노란 오리 네 마리
ko,7,3,1,plural,3,큰 노란 오리 다섯 마리
ko,7,3,1,plural,4,큰 노란 오리 여섯 마리
ko,7,3,1,plural,5,큰 노란 오리 일곱 마리
ko,7,3,1,plural,6,큰 노란 오리 여덟 마리
ko,7,3,2,nom,,어린 노란 오리가
ko,7,3,2,acc,,어린 노란 오리를
ko,7,3,2,dat,,어린 노란 오리
ko,7,3,2,plural,0,어린 노란 오리 두 마리
ko,7,3,2,plural,1,어린 노란 오리 세 마리
ko,7,3,2,plural,2,어린 노란 오리 네 마리
ko,7,3,2,plural,3,어린 노란 오리 다섯 마리
ko,7,3,2,plural,4,어린 노란 오리 여섯 마리
ko,7,3,2,plural,5,어린 노란 오리 일곱 마리
ko,7,3,2,plural,6,어린 노란 오리 여덟 마리
ko,7,3,3,nom,,늙은 노란 오리가
ko,7,3,3,acc,,늙은 노란 오리를
ko,7,3,3,dat,,늙은 노란 오리
ko,7,3,3,plural,0,늙은 노란 오리 두 마리
ko,7,3,3,plural,1,늙은 노란 오리 세 마리
ko,7,3,3,plural,2,늙은 노란 오리 네 마리
ko,7,3,3,plural,3,늙은 노란 오리 다섯 마리
ko,7,3,3,plural,4,늙은 노란 오리 여섯 마리
ko,7,3,3,plural,5,늙은 노란 오리 일곱 마리
ko,7,3,3,plural,6,늙은 노란 오리 여덟 마리
ko,7,4,0,nom,,작은 검은 오리가
ko,7,4,0,acc,,작은 검은 오리를
ko,7,4,0,dat,,작은 검은 오리
ko,7,4,0,plural,0,작은 검은 오리 두 마리
ko,7,4,0,plural,1,작은 검은 오리 세 마리
ko,7,4,0,plural,2,작은 검은 오리 네 마리
ko,7,4,0,plural,3,작은 검은 오리 다섯 마리
ko,7,4,0,plural,4,작은 검은 오리 여섯 마리
ko,7,4,0,plural,5,작은 검은 오리 일곱 마리
ko,7,4,0,plural,6,작은 검은 오리 여덟 마리
ko,7,4,1,nom,,큰 검은 오리가
ko,7,4,1,acc,,큰 검은 오리를
ko,7,4,1,dat,,큰 검은 오리
ko,7,4,1,plural,0,큰 검은 오리 두 마리
ko,7,4,1,plural,1,큰 검은 오리 세 마리
ko,7,4,1,plural,2,큰 검은 오리 네 마리
ko,7,4,1,plural,3,큰 검은 오리 다섯 마리
ko,7,4,1,plural,4,큰 검은 오리 여섯 마리
ko,7,4,1,plural,5,큰 검은 오리 일곱 마리
ko,7,4,1,plural,6,큰 검은 오리 여덟 마리
ko,7,4,2,nom,,어린 검은 오리가
ko,7,4,2,acc,,어린 검은 오리를
ko,7,4,2,dat,,어린 검은 오리
ko,7,4,2,plural,0,어린 검은 오리 두 마리
ko,7,4,2,plural,1,어린 검은 오리 세 마리
ko,7,4,2,plural,2,어린 검은 오리 네 마리
ko,7,4,2,plural,3,어린 검은 오리 다섯 마리
ko,7,4,2,plural,4,어린 검은 오리 여섯 마리
ko,7,4,2,plural,5,어린 검은 오리 일곱 마리
ko,7,4,2,plural,6,어린 검은 오리 여덟 마리
ko,7,4,3,nom,,늙은 검은 오리가
ko,7,4,3,acc,,늙은 검은 오리를
ko,7,4,3,dat,,늙은 검은 오리
ko,7,4,3,plural,0,늙은 검은 오리 두 마리
ko,7,4,3,plural,1,늙은 검은 오리 세 마리
ko,7,4,3,plural,2,늙은 검은 오리 네 마리
ko,7,4,3,plural,3,늙은 검은 오리 다섯 마리
ko,7,4,3,plural,4,늙은 검은 오리 여섯 마리
ko,7,4,3,plural,5,늙은 검은 오리 일곱 마리
ko,7,4,3,plural,6,늙은 검은 오리 여덟 마리
ko,7,5,0,nom,,작은 하얀 오리가
ko,7,5,0,acc,,작은 하얀 오리를
ko,7,5,0,dat,,작은 하얀 오리
ko,7,5,0,plural,0,작은 하얀 오리 두 마리
ko,7,5,0,plural,1,작은 하얀 오리 세 마리
ko,7,5,0,plural,2,작은 하얀 오리 네 마리
ko,7,5,0,plural,3,작은 하얀 오리 다섯 마리
ko,7,5,0,plural,4,작은 하얀 오리 여섯 마리
ko,7,5,0,plural,5,작은 하얀 오리 일곱 마리
ko,7,5,0,plural,6,작은 하얀 오리 여덟 마리
ko,7,5,1,nom,,큰 하얀 오리가
ko,7,5,1,acc,,큰 하얀 오리를
ko,7,5,1,dat,,큰 하얀 오리
ko,7,5,1,plural,0,큰 하얀 오리 두 마리
ko,7,5,1,plural,1,큰 하얀 오리 세 마리
ko,7,5,1,plural,2,큰 하얀 오리 네 마리
ko,7,5,1,plural,3,큰 하얀 오리 다섯 마리
ko,7,5,1,plural,4,큰 하얀 오리 여섯 마리
ko,7,5,1,plural,5,큰 하얀 오리 일곱 마리
ko,7,5,1,plural,6,큰 하얀 오리 여덟 마리
ko,7,5,2,nom,,어린 하얀 오리가
ko,7,5,2,acc,,어린 하얀 오리를
ko,7,5,2,dat,,어린 하얀 오리
ko,7,5,2,plural,0,어린 하얀 오리 두 마리
ko,7,5,2,plural,1,어린 하얀 오리 세 마리
ko,7,5,2,plural,2,어린 하얀 오리 네 마리
ko,7,5,2,plural,3,어린 하얀 오리 다섯 마리
ko,7,5,2,plural,4,어린 하얀 오리 여섯 마리
ko,7,5,2,plural,5,어린 하얀 오리 일곱 마리
ko,7,5,2,plural,6,어린 하얀 오리 여덟 마리
ko,7,5,3,nom,,늙은 하얀 오리가
ko,7,5,3,acc,,늙은 하얀 오리를
ko,7,5,3,dat,,늙은 하얀 오리
ko,7,5,3,plural,0,늙은 하얀 오리 두 마리
ko,7,5,3,plural,1,늙은 하얀 오리 세 마리
ko,7,5,3,plural,2,늙은 하얀 오리 네 마리
ko,7,5,3,plural,3,늙은 하얀 오리 다섯 마리
ko,7,5,3,plural,4,늙은 하얀 오리 여섯 마리
ko,7,5,3,plural,5,늙은 하얀 오리 일곱 마리
ko,7,5,3,plural,6,늙은 하얀 오리 여덟 마리
ko,8,0,0,nom,,작은 빨간 말이
ko,8,0,0,acc,,작은 빨간 말을
ko,8,0,0,dat,,작은 빨간 말
ko,8,0,0,plural,0,작은 빨간 말 두 마리
ko,8,0,0,plural,1,작은 빨간 말 세 마리
ko,8,0,0,plural,2,작은 빨간 말 네 마리
ko,8,0,0,plural,3,작은 빨간 말 다섯 마리
ko,8,0,0,plural,4,작은 빨간 말 여섯 마리
ko,8,0,0,plural,5,작은 빨간 말 일곱 마리
ko,8,0,0,plural,6,작은 빨간 말 여덟 마리
ko,8,0,1,nom,,큰 빨간 말이
ko,8,0,1,acc,,큰 빨간 말을
ko,8,0,1,dat,,큰 빨간 말
ko,8,0,1,plural,0,큰 빨간 말 두 마리
ko,8,0,1,plural,1,큰 빨간 말 세 마리
ko,8,0,1,plural,2,큰 빨간 말 네 마리
ko,8,0,1,plural,3,큰 빨간 말 다섯 마리
ko,8,0,1,plural,4,큰 빨간 말 여섯 마리
ko,8,0,1,plural,5,큰 빨간 말 일곱 마리
ko,8,0,1,plural,6,큰 빨간 말 여덟 마리
ko,8,0,2,nom,,어린 빨간 말이
ko,8,0,2,acc,,어린 빨간 말을
ko,8,0,2,dat,,어린 빨간 말
ko,8,0,2,plural,0,어린 빨간 말 두 마리
ko,8,0,2,plural,1,어린 빨간 말 세 마리
ko,8,0,2,plural,2,어린 빨간 말 네 마리
ko,8,0,2,plural,3,어린 빨간 말 다섯 마리
ko,8,0,2,plural,4,어린 빨간 말 여섯 마리
ko,8,0,2,plural,5,어린 빨간 말 일곱 마리
ko,8,0,2,plural,6,어린 빨간 말 여덟 마리
ko,8,0,3,nom,,늙은 빨간 말이
ko,8,0,3,acc,,늙은 빨간 말을
ko,8,0,3,dat,,늙은 빨간 말
ko,8,0,3,plural,0,늙은 빨간 말 두 마리
ko,8,0,3,plural,1,늙은 빨간 말 세 마리
ko,8,0,3,plural,2,늙은 빨간 말 네 마리
ko,8,0,3,plural,3,늙은 빨간 말 다섯 마리
ko,8,0,3,plural,4,늙은 빨간 말 여섯 마리
ko,8,0,3,plural,5,늙은 빨간 말 일곱 마리
ko,8,0,3,plural,6,늙은 빨간 말 여덟 마리
ko,8,1,0,nom,,작은 파란 말이
ko,8,1,0,acc,,작은 파란 말을
ko,8,1,0,dat,,작은 파란 말
ko,8,1,0,plural,0,작은 파란 말 두 마리
ko,8,1,0,plural,1,작은 파란 말 세 마리
ko,8,1,0,plural,2,작은 파란 말 네 마리
ko,8,1,0,plural,3,작은 파란 말 다섯 마리
ko,8,1,0,plural,4,작은 파란 말 여섯 마리
ko,8,1,0,plural,5,작은 파란 말 일곱 마리
ko,8,1,0,plural,6,작은 파란 말 여덟 마리
ko,8,1,1,nom,,큰 파란 말이
ko,8,1,1,acc,,큰 파란 말을
ko,8,1,1,dat,,큰 파란 말
ko,8,1,1,plural,0,큰 파란 말 두 마리
ko,8,1,1,plural,1,큰 파란 말 세 마리
ko,8,1,1,plural,2,큰 파란 말 네 마리
ko,8,1,1,plural,3,큰 파란 말 다섯 마리
ko,8,1,1,plural,4,큰 파란 말 여섯 마리
ko,8,1,1,plural,5,큰 파란 말 일곱 마리
ko,8,1,1,plural,6,큰 파란 말 여덟 마리
ko,8,1,2,nom,,어린 파란 말이
ko,8,1,2,acc,,어린 파란 말을
ko,8,1,2,dat,,어린 파란 말
ko,8,1,2,plural,0,어린 파란 말 두 마리
ko,8,1,2,plural,1,어린 파란 말 세 마리
ko,8,1,2,plural,2,어린 파란 말 네 마리
ko,8,1,2,plural,3,어린 파란 말 다섯 마리
ko,8,1,2,plural,4,어린 파란 말 여섯 마리
ko,8,1,2,plural,5,어린 파란 말 일곱 마리
ko,8,1,2,plural,6,어린 파란 말 여덟 마리
ko,8,1,3,nom,,늙은 파란 말이
ko,8,1,3,acc,,늙은 파란 말을
ko,8,1,3,dat,,늙은 파란 말
ko,8,1,3,plural,0,늙은 파란 말 두 마리
ko,8,1,3,plural,1,늙은 파란 말 세 마리
ko,8,1,3,plural,2,늙은 파란 말 네 마리
ko,8,1,3,plural,3,늙은 파란 말 다섯 마리
ko,8,1,3,plural,4,늙은 파란 말 여섯 마리
ko,8,1,3,plural,5,늙은 파란 말 일곱 마리
ko,8,1,3,plural,6,늙은 파란 말 여덟 마리
ko,8,2,0,nom,,작은 초록색 말이
ko,8,2,0,acc,,작은 초록색 말을
ko,8,2,0,dat,,작은 초록색 말
ko,8,2,0,plural,0,작은 초록색 말 두 마리
ko,8,2,0,plural,1,작은 초록색 말 세 마리
ko,8,2,0,plural,2,작은 초록색 말 네 마리
ko,8,2,0,plural,3,작은 초록색 말 다섯 마리
ko,8,2,0,plural,4,작은 초록색 말 여섯 마리
ko,8,2,0,plural,5,작은 초록색 말 일곱 마리
ko,8,2,0,plural,6,작은 초록색 말 여덟 마리
ko,8,2,1,nom,,큰 초록색 말이
ko,8,2,1,acc,,큰 초록색 말을
ko,8,2,1,dat,,큰 초록색 말
ko,8,2,1,plural,0,큰 초록색 말 두 마리
ko,8,2,1,plural,1,큰 초록색 말 세 마리
ko,8,2,1,plural,2,큰 초록색 말 네 마리
ko,8,2,1,plural,3,큰 초록색 말 다섯 마리
ko,8,2,1,plural,4,큰 초록색 말 여섯 마리
ko,8,2,1,plural,5,큰 초록색 말 일곱 마리
ko,8,2,1,plural,6,큰 초록색 말 여덟 마리
ko,8,2,2,nom,,어린 초록색 말이
ko,8,2,2,acc,,어린 초록색 말을
ko,8,2,2,dat,,어린 초록색 말
ko,8,2,2,plural,0,어린 초록색 말 두 마리
ko,8,2,2,plural,1,어린 초록색 말 세 마리
ko,8,2,2,plural,2,어린 초록색 말 네 마리
ko,8,2,2,plural,3,어린 초록색 말 다섯 마리
ko,8,2,2,plural,4,어린 초록색 말 여섯 마리
ko,8,2,2,plural,5,어린 초록색 말 일곱 마리
ko,8,2,2,plural,6,어린 초록색 말 여덟 마리
ko,8,2,3,nom,,늙은 초록색 말이
ko,8,2,3,acc,,늙은 초록색 말을
ko,8,2,3,dat,,늙은 초록색 말
ko,8,2,3,plural,0,늙은 초록색 말 두 마리
ko,8,2,3,plural,1,늙은 초록색 말 세 마리
ko,8,2,3,plural,2,늙은 초록색 말 네 마리
ko,8,2,3,plural,3,늙은 초록색 말 다섯 마리
ko,8,2,3,plural,4,늙은 초록색 말 여섯 마리
ko,8,2,3,plural,5,늙은 초록색 말 일곱 마리
ko,8,2,3,plural,6,늙은 초록색 말 여덟 마리
ko,8,3,0,nom,,작은 노란 말이
ko,8,3,0,acc,,작은 노란 말을
ko,8,3,0,dat,,작은 노란 말
ko,8,3,0,plural,0,작은 노란 말 두 마리
ko,8,3,0,plural,1,작은 노란 말 세 마리
ko,8,3,0,plural,2,작은 노란 말 네 마리
ko,8,3,0,plural,3,작은 노란 말 다섯 마리
ko,8,3,0,plural,4,작은 노란 말 여섯 마리
ko,8,3,0,plural,5,작은 노란 말 일곱 마리
ko,8,3,0,plural,6,작은 노란 말 여덟 마리
ko,8,3,1,nom,,큰 노란 말이
ko,8,3,1,acc,,큰 노란 말을
ko,8,3,1,dat,,큰 노란 말
ko,8,3,1,plural,0,큰 노란 말 두 마리
ko,8,3,1,plural,1,큰 노란 말 세 마리
ko,8,3,1,plural,2,큰 노란 말 네 마리
ko,8,3,1,plural,3,큰 노란 말 다섯 마리
ko,8,3,1,plural,4,큰 노란 말 여섯 마리
ko,8,3,1,plural,5,큰 노란 말 일곱 마리
ko,8,3,1,plural,6,큰 노란 말 여덟 마리
ko,8,3,2,nom,,어린 노란 말이
ko,8,3,2,acc,,어린 노란 말을
ko,8,3,2,dat,,어린 노란 말
ko,8,3,2,plural,0,어린 노란 말 두 마리
ko,8,3,2,plural,1,어린 노란 말 세 마리
ko,8,3,2,plural,2,어린 노란 말 네 마리
ko,8,3,2,plural,3,어린 노란 말 다섯 마리
ko,8,3,2,plural,4,어린 노란 말 여섯 마리
ko,8,3,2,plural,5,어린 노란 말 일곱 마리
ko,8,3,2,plural,6,어린 노란 말 여덟 마리
ko,8,3,3,nom,,늙은 노란 말이
ko,8,3,3,acc,,늙은 노란 말을
ko,8,3,3,dat,,늙은 노란 말
ko,8,3,3,plural,0,늙은 노란 말 두 마리
ko,8,3,3,plural,1,늙은 노란 말 세 마리
ko,8,3,3,plural,2,늙은 노란 말 네 마리
ko,8,3,3,plural,3,늙은 노란 말 다섯 마리
ko,8,3,3,plural,4,늙은 노란 말 여섯 마리
ko,8,3,3,plural,5,늙은 노란 말 일곱 마리
ko,8,3,3,plural,6,늙은 노란 말 여덟 마리
ko,8,4,0,nom,,작은 검은 말이
ko,8,4,0,acc,,작은 검은 말을
ko,8,4,0,dat,,작은 검은 말
ko,8,4,0,plural,0,작은 검은 말 두 마리
ko,8,4,0,plural,1,작은 검은 말 세 마리
ko,8,4,0,plural,2,작은 검은 말 네 마리
ko,8,4,0,plural,3,작은 검은 말 다섯 마리
ko,8,4,0,plural,4,작은 검은 말 여섯 마리
ko,8,4,0,plural,5,작은 검은 말 일곱 마리
ko,8,4,0,plural,6,작은 검은 말 여덟 마리
ko,8,4,1,nom,,큰 검은 말이
ko,8,4,1,acc,,큰 검은 말을
ko,8,4,1,dat,,큰 검은 말
ko,8,4,1,plural,0,큰 검은 말 두 마리
ko,8,4,1,plural,1,큰 검은 말 세 마리
ko,8,4,1,plural,2,큰 검은 말 네 마리
ko,8,4,1,plural,3,큰 검은 말 다섯 마리
ko,8,4,1,plural,4,큰 검은 말 여섯 마리
ko,8,4,1,plural,5,큰 검은 말 일곱 마리
ko,8,4,1,plural,6,큰 검은 말 여덟 마리
ko,8,4,2,nom,,어린 검은 말이
ko,8,4,2,acc,,어린 검은 말을
ko,8,4,2,dat,,어린 검은 말
ko,8,4,2,plural,0,어린 검은 말 두 마리
ko,8,4,2,plural,1,어린 검은 말 세 마리
ko,8,4,2,plural,2,어린 검은 말 네 마리
ko,8,4,2,plural,3,어린 검은 말 다섯 마리
ko,8,4,2,plural,4,어린 검은 말 여섯 마리
ko,8,4,2,plural,5,어린 검은 말 일곱 마리
ko,8,4,2,plural,6,어린 검은 말 여덟 마리
ko,8,4,3,nom,,늙은 검은 말이
ko,8,4,3,acc,,늙은 검은 말을
ko,8,4,3,dat,,늙은 검은 말
ko,8,4,3,plural,0,늙은 검은 말 두 마리
ko,8,4,3,plural,1,늙은 검은 말 세 마리
ko,8,4,3,plural,2,늙은 검은 말 네 마리
ko,8,4,3,plural,3,늙은 검은 말 다섯 마리
ko,8,4,3,plural,4,늙은 검은 말 여섯 마리
ko,8,4,3,plural,5,늙은 검은 말 일곱 마리
ko,8,4,3,plural,6,늙은 검은 말 여덟 마리
ko,8,5,0,nom,,작은 하얀 말이
ko,8,5,0,acc,,작은 하얀 말을
ko,8,5,0,dat,,작은 하얀 말
ko,8,5,0,plural,0,작은 하얀 말 두 마리
ko,8,5,0,plural,1,작은 하얀 말 세 마리
ko,8,5,0,plural,2,작은 하얀 말 네 마리
ko,8,5,0,plural,3,작은 하얀 말 다섯 마리
ko,8,5,0,plural,4,작은 하얀 말 여섯 마리
ko,8,5,0,plural,5,작은 하얀 말 일곱 마리
ko,8,5,0,plural,6,작은 하얀 말 여덟 마리
ko,8,5,1,nom,,큰 하얀 말이
ko,8,5,1,acc,,큰 하얀 말을
ko,8,5,1,dat,,큰 하얀 말
ko,8,5,1,plural,0,큰 하얀 말 두 마리
ko,8,5,1,plural,1,큰 하얀 말 세 마리
ko,8,5,1,plural,2,큰 하얀 말 네 마리
ko,8,5,1,plural,3,큰 하얀 말 다섯 마리
ko,8,5,1,plural,4,큰 하얀 말 여섯 마리
ko,8,5,1,plural,5,큰 하얀 말 일곱 마리
ko,8,5,1,plural,6,큰 하얀 말 여덟 마리
ko,8,5,2,nom,,어린 하얀 말이
ko,8,5,2,acc,,어린 하얀 말을
ko,8,5,2,dat,,어린 하얀 말
ko,8,5,2,plural,0,어린 하얀 말 두 마리
ko,8,5,2,plural,1,어린 하얀 말 세 마리
ko,8,5,2,plural,2,어린 하얀 말 네 마리
ko,8,5,2,plural,3,어린 하얀 말 다섯 마리
ko,8,5,2,plural,4,어린 하얀 말 여섯 마리
ko,8,5,2,plural,5,어린 하얀 말 일곱 마리
ko,8,5,2,plural,6,어린 하얀 말 여덟 마리
ko,8,5,3,nom,,늙은 하얀 말이
ko,8,5,3,acc,,늙은 하얀 말을
ko,8,5,3,dat,,늙은 하얀 말
ko,8,5,3,plural,0,늙은 하얀 말 두 마리
ko,8,5,3,plural,1,늙은 하얀 말 세 마리
ko,8,5,3,plural,2,늙은 하얀 말 네 마리
ko,8,5,3,plural,3,늙은 하얀 말 다섯 마리
ko,8,5,3,plural,4,늙은 하얀 말 여섯 마리
ko,8,5,3,plural,5,늙은 하얀 말 일곱 마리
ko,8,5,3,plural,6,늙은 하얀 말 여덟 마리
ko,9,0,0,nom,,작은 빨간 양이
ko,9,0,0,acc,,작은 빨간 양을
ko,9,0,0,dat,,작은 빨간 양
ko,9,0,0,plural,0,작은 빨간 양 두 마리
ko,9,0,0,plural,1,작은 빨간 양 세 마리
ko,9,0,0,plural,2,작은 빨간 양 네 마리
ko,9,0,0,plural,3,작은 빨간 양 다섯 마리
ko,9,0,0,plural,4,작은 빨간 양 여섯 마리
ko,9,0,0,plural,5,작은 빨간 양 일곱 마리
ko,9,0,0,plural,6,작은 빨간 양 여덟 마리
ko,9,0,1,nom,,큰 빨간 양이
ko,9,0,1,acc,,큰 빨간 양을
ko,9,0,1,dat,,큰 빨간 양
ko,9,0,1,plural,0,큰 빨간 양 두 마리
ko,9,0,1,plural,1,큰 빨간 양 세 마리
ko,9,0,1,plural,2,큰 빨간 양 네 마리
ko,9,0,1,plural,3,큰 빨간 양 다섯 마리
ko,9,0,1,plural,4,큰 빨간 양 여섯 마리
ko,9,0,1,plural,5,큰 빨간 양 일곱 마리
ko,9,0,1,plural,6,큰 빨간 양 여덟 마리
ko,9,0,2,nom,,어린 빨간 양이
ko,9,0,2,acc,,어린 빨간 양을
ko,9,0,2,dat,,어린 빨간 양
ko,9,0,2,plural,0,어린 빨간 양 두 마리
ko,9,0,2,plural,1,어린 빨간 양 세 마리
ko,9,0,2,plural,2,어린 빨간 양 네 마리
ko,9,0,2,plural,3,어린 빨간 양 다섯 마리
ko,9,0,2,plural,4,어린 빨간 양 여섯 마리
ko,9,0,2,plural,5,어린 빨간 양 일곱 마리
ko,9,0,2,plural,6,어린 빨간 양 여덟 마리
ko,9,0,3,nom,,늙은 빨간 양이
ko,9,0,3,acc,,늙은 빨간 양을
ko,9,0,3,dat,,늙은 빨간 양
ko,9,0,3,plural,0,늙은 빨간 양 두 마리
ko,9,0,3,plural,1,늙은 빨간 양 세 마리
ko,9,0,3,plural,2,늙은 빨간 양 네 마리
ko,9,0,3,plural,3,늙은 빨간 양 다섯 마리
ko,9,0,3,plural,4,늙은 빨간 양 여섯 마리
ko,9,0,3,plural,5,늙은 빨간 양 일곱 마리
ko,9,0,3,plural,6,늙은 빨간 양 여덟 마리
ko,9,1,0,nom,,작은 파란 양이
ko,9,1,0,acc,,작은 파란 양을
ko,9,1,0,dat,,작은 파란 양
ko,9,1,0,plural,0,작은 파란 양 두 마리
ko,9,1,0,plural,1,작은 파란 양 세 마리
ko,9,1,0,plural,2,작은 파란 양 네 마리
ko,9,1,0,plural,3,작은 파란 양 다섯 마리
ko,9,1,0,plural,4,작은 파란 양 여섯 마리
ko,9,1,0,plural,5,작은 파란 양 일곱 마리
ko,9,1,0,plural,6,작은 파란 양 여덟 마리
ko,9,1,1,nom,,큰 파란 양이
ko,9,1,1,acc,,큰 파란 양을
ko,9,1,1,dat,,큰 파란 양
ko,9,1,1,plural,0,큰 파란 양 두 마리
ko,9,1,1,plural,1,큰 파란 양 세 마리
ko,9,1,1,plural,2,큰 파란 양 네 마리
ko,9,1,1,plural,3,큰 파란 양 다섯 마리
ko,9,1,1,plural,4,큰 파란 양 여섯 마리
ko,9,1,1,plural,5,큰 파란 양 일곱 마리
ko,9,1,1,plural,6,큰 파란 양 여덟 마리
ko,9,1,2,nom,,어린 파란 양이
ko,9,1,2,acc,,어린 파란 양을
ko,9,1,2,dat,,어린 파란 양
ko,9,1,2,plural,0,어린 파란 양 두 마리
ko,9,1,2,plural,1,어린 파란 양 세 마리
ko,9,1,2,plural,2,어린 파란 양 네 마리
ko,9,1,2,plural,3,어린 파란 양 다섯 마리
ko,9,1,2,plural,4,어린 파란 양 여섯 마리
ko,9,1,2,plural,5,어린 파란 양 일곱 마리
ko,9,1,2,plural,6,어린 파란 양 여덟 마리
ko,9,1,3,nom,,늙은 파란 양이
ko,9,1,3,acc,,늙은 파란 양을
ko,9,1,3,dat,,늙은 파란 양
ko,9,1,3,plural,0,늙은 파란 양 두 마리
ko,9,1,3,plural,1,늙은 파란 양 세 마리
ko,9,1,3,plural,2,늙은 파란 양 네 마리
ko,9,1,3,plural,3,늙은 파란 양 다섯 마리
ko,9,1,3,plural,4,늙은 파란 양 여섯 마리
ko,9,1,3,plural,5,늙은 파란 양 일곱 마리
ko,9,1,3,plural,6,늙은 파란 양 여덟 마리
ko,9,2,0,nom,,작은 초록색 양이
ko,9,2,0,acc,,작은 초록색 양을
ko,9,2,0,dat,,작은 초록색 양
ko,9,2,0,plural,0,작은 초록색 양 두 마리
ko,9,2,0,plural,1,작은 초록색 양 세 마리
ko,9,2,0,plural,2,작은 초록색 양 네 마리
ko,9,2,0,plural,3,작은 초록색 양 다섯 마리
ko,9,2,0,plural,4,작은 초록색 양 여섯 마리
ko,9,2,0,plural,5,작은 초록색 양 일곱 마리
ko,9,2,0,plural,6,작은 초록색 양 여덟 마리
ko,9,2,1,nom,,큰 초록색 양이
ko,9,2,1,acc,,큰 초록색 양을
ko,9,2,1,dat,,큰 초록색 양
ko,9,2,1,plural,0,큰 초록색 양 두 마리
ko,9,2,1,plural,1,큰 초록색 양 세 마리
ko,9,2,1,plural,2,큰 초록색 양 네 마리
ko,9,2,1,plural,3,큰 초록색 양 다섯 마리
ko,9,2,1,plural,4,큰 초록색 양 여섯 마리
ko,9,2,1,plural,5,큰 초록색 양 일곱 마리
ko,9,2,1,plural,6,큰 초록색 양 여덟 마리
ko,9,2,2,nom,,어린 초록색 양이
ko,9,2,2,acc,,어린 초록색 양을
ko,9,2,2,dat,,어린 초록색 양
ko,9,2,2,plural,0,어린 초록색 양 두 마리
ko,9,2,2,plural,1,어린 초록색 양 세 마리
ko,9,2,2,plural,2,어린 초록색 양 네 마리
ko,9,2,2,plural,3,어린 초록색 양 다섯 마리
ko,9,2,2,plural,4,어린 초록색 양 여섯 마리
ko,9,2,2,plural,5,어린 초록색 양 일곱 마리
ko,9,2,2,plural,6,어린 초록색 양 여덟 마리
ko,9,2,3,nom,,늙은 초록색 양이
ko,9,2,3,acc,,늙은 초록색 양을
ko,9,2,3,dat,,늙은 초록색 양
ko,9,2,3,plural,0,늙은 초록색 양 두 마리
ko,9,2,3,plural,1,늙은 초록색 양 세 마리
ko,9,2,3,plural,2,늙은 초록색 양 네 마리
ko,9,2,3,plural,3,늙은 초록색 양 다섯 마리
ko,9,2,3,plural,4,늙은 초록색 양 여섯 마리
ko,9,2,3,plural,5,늙은 초록색 양 일곱 마리
ko,9,2,3,plural,6,늙은 초록색 양 여덟 마리
ko,9,3,0,nom,,작은 노란 양이
ko,9,3,0,acc,,작은 노란 양을
ko,9,3,0,dat,,작은 노란 양
ko,9,3,0,plural,0,작은 노란 양 두 마리
ko,9,3,0,plural,1,작은 노란 양 세 마리
ko,9,3,0,plural,2,작은 노란 양 네 마리
ko,9,3,0,plural,3,작은 노란 양 다섯 마리
ko,9,3,0,plural,4,작은 노란 양 여섯 마리
ko,9,3,0,plural,5,작은 노란 양 일곱 마리
ko,9,3,0,plural,6,작은 노란 양 여덟 마리
ko,9,3,1,nom,,큰 노란 양이
ko,9,3,1,acc,,큰 노란 양을
ko,9,3,1,dat,,큰 노란 양
ko,9,3,1,plural,0,큰 노란 양 두 마리
ko,9,3,1,plural,1,큰 노란 양 세 마리
ko,9,3,1,plural,2,큰 노란 양 네 마리
ko,9,3,1,plural,3,큰 노란 양 다섯 마리
ko,9,3,1,plural,4,큰 노란 양 여섯 마리
ko,9,3,1,plural,5,큰 노란 양 일곱 마리
ko,9,3,1,plural,6,큰 노란 양 여덟 마리
ko,9,3,2,nom,,어린 노란 양이
ko,9,3,2,acc,,어린 노란 양을
ko,9,3,2,dat,,어린 노란 양
ko,9,3,2,plural,0,어린 노란 양 두 마리
ko,9,3,2,plural,1,어린 노란 양 세 마리
ko,9,3,2,plural,2,어린 노란 양 네 마리
ko,9,3,2,plural,3,어린 노란 양 다섯 마리
ko,9,3,2,plural,4,어린 노란 양 여섯 마리
ko,9,3,2,plural,5,어린 노란 양 일곱 마리
ko,9,3,2,plural,6,어린 노란 양 여덟 마리
ko,9,3,3,nom,,늙은 노란 양이
ko,9,3,3,acc,,늙은 노란 양을
ko,9,3,3,dat,,늙은 노란 양
ko,9,3,3,plural,0,늙은 노란 양 두 마리
ko,9,3,3,plural,1,늙은 노란 양 세 마리
ko,9,3,3,plural,2,늙은 노란 양 네 마리
ko,9,3,3,plural,3,늙은 노란 양 다섯 마리
ko,9,3,3,plural,4,늙은 노란 양 여섯 마리
ko,9,3,3,plural,5,늙은 노란 양 일곱 마리
ko,9,3,3,plural,6,늙은 노란 양 여덟 마리
ko,9,4,0,nom,,작은 검은 양이
ko,9,4,0,acc,,작은 검은 양을
ko,9,4,0,dat,,작은 검은 양
ko,9,4,0,plural,0,작은 검은 양 두 마리
ko,9,4,0,plural,1,작은 검은 양 세 마리
ko,9,4,0,plural,2,작은 검은 양 네 마리
ko,9,4,0,plural,3,작은 검은 양 다섯 마리
ko,9,4,0,plural,4,작은 검은 양 여섯 마리
ko,9,4,0,plural,5,작은 검은 양 일곱 마리
ko,9,4,0,plural,6,작은 검은 양 여덟 마리
ko,9,4,1,nom,,큰 검은 양이
ko,9,4,1,acc,,큰 검은 양을
ko,9,4,1,dat,,큰 검은 양
ko,9,4,1,plural,0,큰 검은 양 두 마리
ko,9,4,1,plural,1,큰 검은 양 세 마리
ko,9,4,1,plural,2,큰 검은 양 네 마리
ko,9,4,1,plural,3,큰 검은 양 다섯 마리
ko,9,4,1,plural,4,큰 검은 양 여섯 마리
ko,9,4,1,plural,5,큰 검은 양 일곱 마리
ko,9,4,1,plural,6,큰 검은 양 여덟 마리
ko,9,4,2,nom,,어린 검은 양이
ko,9,4,2,acc,,어린 검은 양을
ko,9,4,2,dat,,어린 검은 양
ko,9,4,2,plural,0,어린 검은 양 두 마리
ko,9,4,2,plural,1,어린 검은 양 세 마리
ko,9,4,2,plural,2,어린 검은 양 네 마리
ko,9,4,2,plural,3,어린 검은 양 다섯 마리
ko,9,4,2,plural,4,어린 검은 양 여섯 마리
ko,9,4,2,plural,5,어린 검은 양 일곱 마리
ko,9,4,2,plural,6,어린 검은 양 여덟 마리
ko,9,4,3,nom,,늙은 검은 양이
ko,9,4,3,acc,,늙은 검은 양을
ko,9,4,3,dat,,늙은 검은 양
ko,9,4,3,plural,0,늙은 검은 양 두 마리
ko,9,4,3,plural,1,늙은 검은 양 세 마리
ko,9,4,3,plural,2,늙은 검은 양 네 마리
ko,9,4,3,plural,3,늙은 검은 양 다섯 마리
ko,9,4,3,plural,4,늙은 검은 양 여섯 마리
ko,9,4,3,plural,5,늙은 검은 양 일곱 마리
ko,9,4,3,plural,6,늙은 검은 양 여덟 마리
ko,9,5,0,nom,,작은 하얀 양이
ko,9,5,0,acc,,작은 하얀 양을
ko,9,5,0,dat,,작은 하얀 양
ko,9,5,0,plural,0,작은 하얀 양 두 마리
ko,9,5,0,plural,1,작은 하얀 양 세 마리
ko,9,5,0,plural,2,작은 하얀 양 네 마리
ko,9,5,0,plural,3,작은 하얀 양 다섯 마리
ko,9,5,0,plural,4,작은 하얀 양 여섯 마리
ko,9,5,0,plural,5,작은 하얀 양 일곱 마리
ko,9,5,0,plural,6,작은 하얀 양 여덟 마리
ko,9,5,1,nom,,큰 하얀 양이
ko,9,5,1,acc,,큰 하얀 양을
ko,9,5,1,dat,,큰 하얀 양
ko,9,5,1,plural,0,큰 하얀 양 두 마리
ko,9,5,1,plural,1,큰 하얀 양 세 마리
ko,9,5,1,plural,2,큰 하얀 양 네 마리
ko,9,5,1,plural,3,큰 하얀 양 다섯 마리
ko,9,5,1,plural,4,큰 하얀 양 여섯 마리
ko,9,5,1,plural,5,큰 하얀 양 일곱 마리
ko,9,5,1,plural,6,큰 하얀 양 여덟 마리
ko,9,5,2,nom,,어린 하얀 양이
ko,9,5,2,acc,,어린 하얀 양을
ko,9,5,2,dat,,어린 하얀 양
ko,9,5,2,plural,0,어린 하얀 양 두 마리
ko,9,5,2,plural,1,어린 하얀 양 세 마리
ko,9,5,2,plural,2,어린 하얀 양 네 마리
ko,9,5,2,plural,3,어린 하얀 양 다섯 마리
ko,9,5,2,plural,4,어린 하얀 양 여섯 마리
ko,9,5,2,plural,5,어린 하얀 양 일곱 마리
ko,9,5,2,plural,6,어린 하얀 양 여덟 마리
ko,9,5,3,nom,,늙은 하얀 양이
ko,9,5,3,acc,,늙은 하얀 양을
ko,9,5,3,dat,,늙은 하얀 양
ko,9,5,3,plural,0,늙은 하얀 양 두 마리
ko,9,5,3,plural,1,늙은 하얀 양 세 마리
ko,9,5,3,plural,2,늙은 하얀 양 네 마리
ko,9,5,3,plural,3,늙은 하얀 양 다섯 마리
ko,9,5,3,plural,4,늙은 하얀 양 여섯 마리
ko,9,5,3,plural,5,늙은 하얀 양 일곱 마리
ko,9,5,3,plural,6,늙은 하얀 양 여덟 마리
ko,10,0,0,nom,,작은 빨간 닭이
ko,10,0,0,acc,,작은 빨간 닭을
ko,10,0,0,dat,,작은 빨간 닭
ko,10,0,0,plural,0,작은 빨간 닭 두 마리
ko,10,0,0,plural,1,작은 빨간 닭 세 마리
ko,10,0,0,plural,2,작은 빨간 닭 네 마리
ko,10,0,0,plural,3,작은 빨간 닭 다섯 마리
ko,10,0,0,plural,4,작은 빨간 닭 여섯 마리
ko,10,0,0,plural,5,작은 빨간 닭 일곱 마리
ko,10,0,0,plural,6,작은 빨간 닭 여덟 마리
ko,10,0,1,nom,,큰 빨간 닭이
ko,10,0,1,acc,,큰 빨간 닭을
ko,10,0,1,dat,,큰 빨간 닭
ko,10,0,1,plural,0,큰 빨간 닭 두 마리
ko,10,0,1,plural,1,큰 빨간 닭 세 마리
ko,10,0,1,plural,2,큰 빨간 닭 네 마리
ko,10,0,1,plural,3,큰 빨간 닭 다섯 마리
ko,10,0,1,plural,4,큰 빨간 닭 여섯 마리
ko,10,0,1,plural,5,큰 빨간 닭 일곱 마리
ko,10,0,1,plural,6,큰 빨간 닭 여덟 마리
ko,10,0,2,nom,,어린 빨간 닭이
ko,10,0,2,acc,,어린 빨간 닭을
ko,10,0,2,dat,,어린 빨간 닭
ko,10,0,2,plural,0,어린 빨간 닭 두 마리
ko,10,0,2,plural,1,어린 빨간 닭 세 마리
ko,10,0,2,plural,2,어린 빨간 닭 네 마리
ko,10,0,2,plural,3,어린 빨간 닭 다섯 마리
ko,10,0,2,plural,4,어린 빨간 닭 여섯 마리
ko,10,0,2,plural,5,어린 빨간 닭 일곱 마리
ko,10,0,2,plural,6,어린 빨간 닭 여덟 마리
ko,10,0,3,nom,,늙은 빨간 닭이
ko,10,0,3,acc,,늙은 빨간 닭을
ko,10,0,3,dat,,늙은 빨간 닭
ko,10,0,3,plural,0,늙은 빨간 닭 두 마리
ko,10,0,3,plural,1,늙은 빨간 닭 세 마리
ko,10,0,3,plural,2,늙은 빨간 닭 네 마리
ko,10,0,3,plural,3,늙은 빨간 닭 다섯 마리
ko,10,0,3,plural,4,늙은 빨간 닭 여섯 마리
ko,10,0,3,plural,5,늙은 빨간 닭 일곱 마리
ko,10,0,3,plural,6,늙은 빨간 닭 여덟 마리
ko,10,1,0,nom,,작은 파란 닭이
ko,10,1,0,acc,,작은 파란 닭을
ko,10,1,0,dat,,작은 파란 닭
ko,10,1,0,plural,0,작은 파란 닭 두 마리
ko,10,1,0,plural,1,작은 파란 닭 세 마리
ko,10,1,0,plural,2,작은 파란 닭 네 마리
ko,10,1,0,plural,3,작은 파란 닭 다섯 마리
ko,10,1,0,plural,4,작은 파란 닭 여섯 마리
ko,10,1,0,plural,5,작은 파란 닭 일곱 마리
ko,10,1,0,plural,6,작은 파란 닭 여덟 마리
ko,10,1,1,nom,,큰 파란 닭이
ko,10,1,1,acc,,큰 파란 닭을
ko,10,1,1,dat,,큰 파란 닭
ko,10,1,1,plural,0,큰 파란 닭 두 마리
ko,10,1,1,plural,1,큰 파란 닭 세 마리
ko,10,1,1,plural,2,큰 파란 닭 네 마리
ko,10,1,1,plural,3,큰 파란 닭 다섯 마리
ko,10,1,1,plural,4,큰 파란 닭 여섯 마리
ko,10,1,1,plural,5,큰 파란 닭 일곱 마리
ko,10,1,1,plural,6,큰 파란 닭 여덟 마리
ko,10,1,2,nom,,어린 파란 닭이
ko,10,1,2,acc,,어린 파란 닭을
ko,10,1,2,dat,,어린 파란 닭
ko,10,1,2,plural,0,어린 파란 닭 두 마리
ko,10,1,2,plural,1,어린 파란 닭 세 마리
ko,10,1,2,plural,2,어린 파란 닭 네 마리
ko,10,1,2,plural,3,어린 파란 닭 다섯 마리
ko,10,1,2,plural,4,어린 파란 닭 여섯 마리
ko,10,1,2,plural,5,어린 파란 닭 일곱 마리
ko,10,1,2,plural,6,어린 파란 닭 여덟 마리
ko,10,1,3,nom,,늙은 파란 닭이
ko,10,1,3,acc,,늙은 파란 닭을
ko,10,1,3,dat,,늙은 파란 닭
ko,10,1,3,plural,0,늙은 파란 닭 두 마리
ko,10,1,3,plural,1,늙은 파란 닭 세 마리
ko,10,1,3,plural,2,늙은 파란 닭 네 마리
ko,10,1,3,plural,3,늙은 파란 닭 다섯 마리
ko,10,1,3,plural,4,늙은 파란 닭 여섯 마리
ko,10,1,3,plural,5,늙은 파란 닭 일곱 마리
ko,10,1,3,plural,6,늙은 파란 닭 여덟 마리
ko,10,2,0,nom,,작은 초록색 닭이
ko,10,2,0,acc,,작은 초록색 닭을
ko,10,2,0,dat,,작은 초록색 닭
ko,10,2,0,plural,0,작은 초록색 닭 두 마리
ko,10,2,0,plural,1,작은 초록색 닭 세 마리
ko,10,2,0,plural,2,작은 초록색 닭 네 마리
ko,10,2,0,plural,3,작은 초록색 닭 다섯 마리
ko,10,2,0,plural,4,작은 초록색 닭 여섯 마리
ko,10,2,0,plural,5,작은 초록색 닭 일곱 마리
ko,10,2,0,plural,6,작은 초록색 닭 여덟 마리
ko,10,2,1,nom,,큰 초록색 닭이
ko,10,2,1,acc,,큰 초록색 닭을
ko,10,2,1,dat,,큰 초록색 닭
ko,10,2,1,plural,0,큰 초록색 닭 두 마리
ko,10,2,1,plural,1,큰 초록색 닭 세 마리
ko,10,2,1,plural,2,큰 초록색 닭 네 마리
ko,10,2,1,plural,3,큰 초록색 닭 다섯 마리
ko,10,2,1,plural,4,큰 초록색 닭 여섯 마리
ko,10,2,1,plural,5,큰 초록색 닭 일곱 마리
ko,10,2,1,plural,6,큰 초록색 닭 여덟 마리
ko,10,2,2,nom,,어린 초록색 닭이
ko,10,2,2,acc,,어린 초록색 닭을
ko,10,2,2,dat,,어린 초록색 닭
ko,10,2,2,plural,0,어린 초록색 닭 두 마리
ko,10,2,2,plural,1,어린 초록색 닭 세 마리
ko,10,2,2,plural,2,어린 초록색 닭 네 마리
ko,10,2,2,plural,3,어린 초록색 닭 다섯 마리
ko,10,2,2,plural,4,어린 초록색 닭 여섯 마리
ko,10,2,2,plural,5,어린 초록색 닭 일곱 마리
ko,10,2,2,plural,6,어린 초록색 닭 여덟 마리
ko,10,2,3,nom,,늙은 초록색 닭이
ko,10,2,3,acc,,늙은 초록색 닭을
ko,10,2,3,dat,,늙은 초록색 닭
ko,10,2,3,plural,0,늙은 초록색 닭 두 마리
ko,10,2,3,plural,1,늙은 초록색 닭 세 마리
ko,10,2,3,plural,2,늙은 초록색 닭 네 마리
ko,10,2,3,plural,3,늙은 초록색 닭 다섯 마리
ko,10,2,3,plural,4,늙은 초록색 닭 여섯 마리
ko,10,2,3,plural,5,늙은 초록색 닭 일곱 마리
ko,10,2,3,plural,6,늙은 초록색 닭 여덟 마리
ko,10,3,0,nom,,작은 노란 닭이
ko,10,3,0,acc,,작은 노란 닭을
ko,10,3,0,dat,,작은 노란 닭
ko,10,3,0,plural,0,작은 노란 닭 두 마리
ko,10,3,0,plural,1,작은 노란 닭 세 마리
ko,10,3,0,plural,2,작은 노란 닭 네 마리
ko,10,3,0,plural,3,작은 노란 닭 다섯 마리
ko,10,3,0,plural,4,작은 노란 닭 여섯 마리
ko,10,3,0,plural,5,작은 노란 닭 일곱 마리
ko,10,3,0,plural,6,작은 노란 닭 여덟 마리
ko,10,3,1,nom,,큰 노란 닭이
ko,10,3,1,acc,,큰 노란 닭을
ko,10,3,1,dat,,큰 노란 닭
ko,10,3,1,plural,0,큰 노란 닭 두 마리
ko,10,3,1,plural,1,큰 노란 닭 세 마리
ko,10,3,1,plural,2,큰 노란 닭 네 마리
ko,10,3,1,plural,3,큰 노란 닭 다섯 마리
ko,10,3,1,plural,4,큰 노란 닭 여섯 마리
ko,10,3,1,plural,5,큰 노란 닭 일곱 마리
ko,10,3,1,plural,6,큰 노란 닭 여덟 마리
ko,10,3,2,nom,,어린 노란 닭이
ko,10,3,2,acc,,어린 노란 닭을
ko,10,3,2,dat,,어린 노란 닭
ko,10,3,2,plural,0,어린 노란 닭 두 마리
ko,10,3,2,plural,1,어린 노란 닭 세 마리
ko,10,3,2,plural,2,어린 노란 닭 네 마리
ko,10,3,2,plural,3,어린 노란 닭 다섯 마리
ko,10,3,2,plural,4,어린 노란 닭 여섯 마리
ko,10,3,2,plural,5,어린 노란 닭 일곱 마리
ko,10,3,2,plural,6,어린 노란 닭 여덟 마리
ko,10,3,3,nom,,늙은 노란 닭이
ko,10,3,3,acc,,늙은 노란 닭을
ko,10,3,3,dat,,늙은 노란 닭
ko,10,3,3,plural,0,늙은 노란 닭 두 마리
ko,10,3,3,plural,1,늙은 노란 닭 세 마리
ko,10,3,3,plural,2,늙은 노란 닭 네 마리
ko,10,3,3,plural,3,늙은 노란 닭 다섯 마리
ko,10,3,3,plural,4,늙은 노란 닭 여섯 마리
ko,10,3,3,plural,5,늙은 노란 닭 일곱 마리
ko,10,3,3,plural,6,늙은 노란 닭 여덟 마리
ko,10,4,0,nom,,작은 검은 닭이
ko,10,4,0,acc,,작은 검은 닭을
ko,10,4,0,dat,,작은 검은 닭
ko,10,4,0,plural,0,작은 검은 닭 두 마리
ko,10,4,0,plural,1,작은 검은 닭 세 마리
ko,10,4,0,plural,2,작은 검은 닭 네 마리
ko,10,4,0,plural,3,작은 검은 닭 다섯 마리
ko,10,4,0,plural,4,작은 검은 닭 여섯 마리
ko,10,4,0,plural,5,작은 검은 닭 일곱 마리
ko,10,4,0,plural,6,작은 검은 닭 여덟 마리
ko,10,4,1,nom,,큰 검은 닭이
ko,10,4,1,acc,,큰 검은 닭을
ko,10,4,1,dat,,큰 검은 닭
ko,10,4,1,plural,0,큰 검은 닭 두 마리
ko,10,4,1,plural,1,큰 검은 닭 세 마리
ko,10,4,1,plural,2,큰 검은 닭 네 마리
ko,10,4,1,plural,3,큰 검은 닭 다섯 마리
ko,10,4,1,plural,4,큰 검은 닭 여섯 마리
ko,10,4,1,plural,5,큰 검은 닭 일곱 마리
ko,10,4,1,plural,6,큰 검은 닭 여덟 마리
ko,10,4,2,nom,,어린 검은 닭이
ko,10,4,2,acc,,어린 검은 닭을
ko,10,4,2,dat,,어린 검은 닭
ko,10,4,2,plural,0,어린 검은 닭 두 마리
ko,10,4,2,plural,1,어린 검은 닭 세 마리
ko,10,4,2,plural,2,어린 검은 닭 네 마리
ko,10,4,2,plural,3,어린 검은 닭 다섯 마리
ko,10,4,2,plural,4,어린 검은 닭 여섯 마리
ko,10,4,2,plural,5,어린 검은 닭 일곱 마리
ko,10,4,2,plural,6,어린 검은 닭 여덟 마리
ko,10,4,3,nom,,늙은 검은 닭이
ko,10,4,3,acc,,늙은 검은 닭을
ko,10,4,3,dat,,늙은 검은 닭
ko,10,4,3,plural,0,늙은 검은 닭 두 마리
ko,10,4,3,plural,1,늙은 검은 닭 세 마리
ko,10,4,3,plural,2,늙은 검은 닭 네 마리
ko,10,4,3,plural,3,늙은 검은 닭 다섯 마리
ko,10,4,3,plural,4,늙은 검은 닭 여섯 마리
ko,10,4,3,plural,5,늙은 검은 닭 일곱 마리
ko,10,4,3,plural,6,늙은 검은 닭 여덟 마리
ko,10,5,0,nom,,작은 하얀 닭이
ko,10,5,0,acc,,작은 하얀 닭을
ko,10,5,0,dat,,작은 하얀 닭
ko,10,5,0,plural,0,작은 하얀 닭 두 마리
ko,10,5,0,plural,1,작은 하얀 닭 세 마리
ko,10,5,0,plural,2,작은 하얀 닭 네 마리
ko,10,5,0,plural,3,작은 하얀 닭 다섯 마리
ko,10,5,0,plural,4,작은 하얀 닭 여섯 마리
ko,10,5,0,plural,5,작은 하얀 닭 일곱 마리
ko,10,5,0,plural,6,작은 하얀 닭 여덟 마리
ko,10,5,1,nom,,큰 하얀 닭이
ko,10,5,1,acc,,큰 하얀 닭을
ko,10,5,1,dat,,큰 하얀 닭
ko,10,5,1,plural,0,큰 하얀 닭 두 마리
ko,10,5,1,plural,1,큰 하얀 닭 세 마리
ko,10,5,1,plural,2,큰 하얀 닭 네 마리
ko,10,5,1,plural,3,큰 하얀 닭 다섯 마리
ko,10,5,1,plural,4,큰 하얀 닭 여섯 마리
ko,10,5,1,plural,5,큰 하얀 닭 일곱 마리
ko,10,5,1,plural,6,큰 하얀 닭 여덟 마리
ko,10,5,2,nom,,어린 하얀 닭이
ko,10,5,2,acc,,어린 하얀 닭을
ko,10,5,2,dat,,어린 하얀 닭
ko,10,5,2,plural,0,어린 하얀 닭 두 마리
ko,10,5,2,plural,1,어린 하얀 닭 세 마리
ko,10,5,2,plural,2,어린 하얀 닭 네 마리
ko,10,5,2,plural,3,어린 하얀 닭 다섯 마리
ko,10,5,2,plural,4,어린 하얀 닭 여섯 마리
ko,10,5,2,plural,5,어린 하얀 닭 일곱 마리
ko,10,5,2,plural,6,어린 하얀 닭 여덟 마리
ko,10,5,3,nom,,늙은 하얀 닭이
ko,10,5,3,acc,,늙은 하얀 닭을
ko,10,5,3,dat,,늙은 하얀 닭
ko,10,5,3,plural,0,늙은 하얀 닭 두 마리
ko,10,5,3,plural,1,늙은 하얀 닭 세 마리
ko,10,5,3,plural,2,늙은 하얀 닭 네 마리
ko,10,5,3,plural,3,늙은 하얀 닭 다섯 마리
ko,10,5,3,plural,4,늙은 하얀 닭 여섯 마리
ko,10,5,3,plural,5,늙은 하얀 닭 일곱 마리
ko,10,5,3,plural,6,늙은 하얀 닭 여덟 마리
ko,11,0,0,nom,,작은 빨간 토끼가
ko,11,0,0,acc,,작은 빨간 토끼를
ko,11,0,0,dat,,작은 빨간 토끼
ko,11,0,0,plural,0,작은 빨간 토끼 두 마리
ko,11,0,0,plural,1,작은 빨간 토끼 세 마리
ko,11,0,0,plural,2,작은 빨간 토끼 네 마리
ko,11,0,0,plural,3,작은 빨간 토끼 다섯 마리
ko,11,0,0,plural,4,작은 빨간 토끼 여섯 마리
ko,11,0,0,plural,5,작은 빨간 토끼 일곱 마리
ko,11,0,0,plural,6,작은 빨간 토끼 여덟 마리
ko,11,0,1,nom,,큰 빨간 토끼가
ko,11,0,1,acc,,큰 빨간 토끼를
ko,11,0,1,dat,,큰 빨간 토끼
ko,11,0,1,plural,0,큰 빨간 토끼 두 마리
ko,11,0,1,plural,1,큰 빨간 토끼 세 마리
ko,11,0,1,plural,2,큰 빨간 토끼 네 마리
ko,11,0,1,plural,3,큰 빨간 토끼 다섯 마리
ko,11,0,1,plural,4,큰 빨간 토끼 여섯 마리
ko,11,0,1,plural,5,큰 빨간 토끼 일곱 마리
ko,11,0,1,plural,6,큰 빨간 토끼 여덟 마리
ko,11,0,2,nom,,어린 빨간 토끼가
ko,11,0,2,acc,,어린 빨간 토끼를
ko,11,0,2,dat,,어린 빨간 토끼
ko,11,0,2,plural,0,어린 빨간 토끼 두 마리
ko,11,0,2,plural,1,어린 빨간 토끼 세 마리
ko,11,0,2,plural,2,어린 빨간 토끼 네 마리
ko,11,0,2,plural,3,어린 빨간 토끼 다섯 마리
ko,11,0,2,plural,4,어린 빨간 토끼 여섯 마리
ko,11,0,2,plural,5,어린 빨간 토끼 일곱 마리
ko,11,0,2,plural,6,어린 빨간 토끼 여덟 마리
ko,11,0,3,nom,,늙은 빨간 토끼가
ko,11,0,3,acc,,늙은 빨간 토끼를
ko,11,0,3,dat,,늙은 빨간 토끼
ko,11,0,3,plural,0,늙은 빨간 토끼 두 마리
ko,11,0,3,plural,1,늙은 빨간 토끼 세 마리
ko,11,0,3,plural,2,늙은 빨간 토끼 네 마리
ko,11,0,3,plural,3,늙은 빨간 토끼 다섯 마리
ko,11,0,3,plural,4,늙은 빨간 토끼 여섯 마리
ko,11,0,3,plural,5,늙은 빨간 토끼 일곱 마리
ko,11,0,3,plural,6,늙은 빨간 토끼 여덟 마리
ko,11,1,0,nom,,작은 파란 토끼가
ko,11,1,0,acc,,작은 파란 토끼를
ko,11,1,0,dat,,작은 파란 토끼
ko,11,1,0,plural,0,작은 파란 토끼 두 마리
ko,11,1,0,plural,1,작은 파란 토끼 세 마리
ko,11,1,0,plural,2,작은 파란 토끼 네 마리
ko,11,1,0,plural,3,작은 파란 토끼 다섯 마리
ko,11,1,0,plural,4,작은 파란 토끼 여섯 마리
ko,11,1,0,plural,5,작은 파란 토끼 일곱 마리
ko,11,1,0,plural,6,작은 파란 토끼 여덟 마리
ko,11,1,1,nom,,큰 파란 토끼가
ko,11,1,1,acc,,큰 파란 토끼를
ko,11,1,1,dat,,큰 파란 토끼
ko,11,1,1,plural,0,큰 파란 토끼 두 마리
ko,11,1,1,plural,1,큰 파란 토끼 세 마리
ko,11,1,1,plural,2,큰 파란 토끼 네 마리
ko,11,1,1,plural,3,큰 파란 토끼 다섯 마리
ko,11,1,1,plural,4,큰 파란 토끼 여섯 마리
ko,11,1,1,plural,5,큰 파란 토끼 일곱 마리
ko,11,1,1,plural,6,큰 파란 토끼 여덟 마리
ko,11,1,2,nom,,어린 파란 토끼가
ko,11,1,2,acc,,어린 파란 토끼를
ko,11,1,2,dat,,어린 파란 토끼
ko,11,1,2,plural,0,어린 파란 토끼 두 마리
ko,11,1,2,plural,1,어린 파란 토끼 세 마리
ko,11,1,2,plural,2,어린 파란 토끼 네 마리
ko,11,1,2,plural,3,어린 파란 토끼 다섯 마리
ko,11,1,2,plural,4,어린 파란 토끼 여섯 마리
ko,11,1,2,plural,5,어린 파란 토끼 일곱 마리
ko,11,1,2,plural,6,어린 파란 토끼 여덟 마리
ko,11,1,3,nom,,늙은 파란 토끼가
ko,11,1,3,acc,,늙은 파란 토끼를
ko,11,1,3,dat,,늙은 파란 토끼
ko,11,1,3,plural,0,늙은 파란 토끼 두 마리
ko,11,1,3,plural,1,늙은 파란 토끼 세 마리
ko,11,1,3,plural,2,늙은 파란 토끼 네 마리
ko,11,1,3,plural,3,늙은 파란 토끼 다섯 마리
ko,11,1,3,plural,4,늙은 파란 토끼 여섯 마리
ko,11,1,3,plural,5,늙은 파란 토끼 일곱 마리
ko,11,1,3,plural,6,늙은 파란 토끼 여덟 마리
ko,11,2,0,nom,,작은 초록색 토끼가
ko,11,2,0,acc,,작은 초록색 토끼를
ko,11,2,0,dat,,작은 초록색 토끼
ko,11,2,0,plural,0,작은 초록색 토끼 두 마리
ko,11,2,0,plural,1,작은 초록색 토끼 세 마리
ko,11,2,0,plural,2,작은 초록색 토끼 네 마리
ko,11,2,0,plural,3,작은 초록색 토끼 다섯 마리
ko,11,2,0,plural,4,작은 초록색 토끼 여섯 마리
ko,11,2,0,plural,5,작은 초록색 토끼 일곱 마리
ko,11,2,0,plural,6,작은 초록색 토끼 여덟 마리
ko,11,2,1,nom,,큰 초록색 토끼가
ko,11,2,1,acc,,큰 초록색 토끼를
ko,11,2,1,dat,,큰 초록색 토끼
ko,11,2,1,plural,0,큰 초록색 토끼 두 마리
ko,11,2,1,plural,1,큰 초록색 토끼 세 마리
ko,11,2,1,plural,2,큰 초록색 토끼 네 마리
ko,11,2,1,plural,3,큰 초록색 토끼 다섯 마리
ko,11,2,1,plural,4,큰 초록색 토끼 여섯 마리
ko,11,2,1,plural,5,큰 초록색 토끼 일곱 마리
ko,11,2,1,plural,6,큰 초록색 토끼 여덟 마리
ko,11,2,2,nom,,어린 초록색 토끼가
ko,11,2,2,acc,,어린 초록색 토끼를
ko,11,2,2,dat,,어린 초록색 토끼
ko,11,2,2,plural,0,어린 초록색 토끼 두 마리
ko,11,2,2,plural,1,어린 초록색 토끼 세 마리
ko,11,2,2,plural,2,어린 초록색 토끼 네 마리
ko,11,2,2,plural,3,어린 초록색 토끼 다섯 마리
ko,11,2,2,plural,4,어린 초록색 토끼 여섯 마리
ko,11,2,2,plural,5,어린 초록색 토끼 일곱 마리
ko,11,2,2,plural,6,어린 초록색 토끼 여덟 마리
ko,11,2,3,nom,,늙은 초록색 토끼가
ko,11,2,3,acc,,늙은 초록색 토끼를
ko,11,2,3,dat,,늙은 초록색 토끼
ko,11,2,3,plural,0,늙은 초록색 토끼 두 마리
ko,11,2,3,plural,1,늙은 초록색 토끼 세 마리
ko,11,2,3,plural,2,늙은 초록색 토끼 네 마리
ko,11,2,3,plural,3,늙은 초록색 토끼 다섯 마리
ko,11,2,3,plural,4,늙은 초록색 토끼 여섯 마리
ko,11,2,3,plural,5,늙은 초록색 토끼 일곱 마리
ko,11,2,3,plural,6,늙은 초록색 토끼 여덟 마리
ko,11,3,0,nom,,작은 노란 토끼가
ko,11,3,0,acc,,작은 노란 토끼를
ko,11,3,0,dat,,작은 노란 토끼
ko,11,3,0,plural,0,작은 노란 토끼 두 마리
ko,11,3,0,plural,1,작은 노란 토끼 세 마리
ko,11,3,0,plural,2,작은 노란 토끼 네 마리
ko,11,3,0,plural,3,작은 노란 토끼 다섯 마리
ko,11,3,0,plural,4,작은 노란 토끼 여섯 마리
ko,11,3,0,plural,5,작은 노란 토끼 일곱 마리
ko,11,3,0,plural,6,작은 노란 토끼 여덟 마리
ko,11,3,1,nom,,큰 노란 토끼가
ko,11,3,1,acc,,큰 노란 토끼를
ko,11,3,1,dat,,큰 노란 토끼
ko,11,3,1,plural,0,큰 노란 토끼 두 마리
ko,11,3,1,plural,1,큰 노란 토끼 세 마리
ko,11,3,1,plural,2,큰 노란 토끼 네 마리
ko,11,3,1,plural,3,큰 노란 토끼 다섯 마리
ko,11,3,1,plural,4,큰 노란 토끼 여섯 마리
ko,11,3,1,plural,5,큰 노란 토끼 일곱 마리
ko,11,3,1,plural,6,큰 노란 토끼 여덟 마리
ko,11,3,2,nom,,어린 노란 토끼가
ko,11,3,2,acc,,어린 노란 토끼를
ko,11,3,2,dat,,어린 노란 토끼
ko,11,3,2,plural,0,어린 노란 토끼 두 마리
ko,11,3,2,plural,1,어린 노란 토끼 세 마리
ko,11,3,2,plural,2,어린 노란 토끼 네 마리
ko,11,3,2,plural,3,어린 노란 토끼 다섯 마리
ko,11,3,2,plural,4,어린 노란 토끼 여섯 마리
ko,11,3,2,plural,5,어린 노란 토끼 일곱 마리
ko,11,3,2,plural,6,어린 노란 토끼 여덟 마리
ko,11,3,3,nom,,늙은 노란 토끼가
ko,11,3,3,acc,,늙은 노란 토끼를
ko,11,3,3,dat,,늙은 노란 토끼
ko,11,3,3,plural,0,늙은 노란 토끼 두 마리
ko,11,3,3,plural,1,늙은 노란 토끼 세 마리
ko,11,3,3,plural,2,늙은 노란 토끼 네 마리
ko,11,3,3,plural,3,늙은 노란 토끼 다섯 마리
ko,11,3,3,plural,4,늙은 노란 토끼 여섯 마리
ko,11,3,3,plural,5,늙은 노란 토끼 일곱 마리
ko,11,3,3,plural,6,늙은 노란 토끼 여덟 마리
ko,11,4,0,nom,,작은 검은 토끼가
ko,11,4,0,acc,,작은 검은 토끼를
ko,11,4,0,dat,,작은 검은 토끼
ko,11,4,0,plural,0,작은 검은 토끼 두 마리
ko,11,4,0,plural,1,작은 검은 토끼 세 마리
ko,11,4,0,plural,2,작은 검은 토끼 네 마리
ko,11,4,0,plural,3,작은 검은 토끼 다섯 마리
ko,11,4,0,plural,4,작은 검은 토끼 여섯 마리
ko,11,4,0,plural,5,작은 검은 토끼 일곱 마리
ko,11,4,0,plural,6,작은 검은 토끼 여덟 마리
ko,11,4,1,nom,,큰 검은 토끼가
ko,11,4,1,acc,,큰 검은 토끼를
ko,11,4,1,dat,,큰 검은 토끼
ko,11,4,1,plural,0,큰 검은 토끼 두 마리
ko,11,4,1,plural,1,큰 검은 토끼 세 마리
ko,11,4,1,plural,2,큰 검은 토끼 네 마리
ko,11,4,1,plural,3,큰 검은 토끼 다섯 마리
ko,11,4,1,plural,4,큰 검은 토끼 여섯 마리
ko,11,4,1,plural,5,큰 검은 토끼 일곱 마리
ko,11,4,1,plural,6,큰 검은 토끼 여덟 마리
ko,11,4,2,nom,,어린 검은 토끼가
ko,11,4,2,acc,,어린 검은 토끼를
ko,11,4,2,dat,,어린 검은 토끼
ko,11,4,2,plural,0,어린 검은 토끼 두 마리
ko,11,4,2,plural,1,어린 검은 토끼 세 마리
ko,11,4,2,plural,2,어린 검은 토끼 네 마리
ko,11,4,2,plural,3,어린 검은 토끼 다섯 마리
ko,11,4,2,plural,4,어린 검은 토끼 여섯 마리
ko,11,4,2,plural,5,어린 검은 토끼 일곱 마리
ko,11,4,2,plural,6,어린 검은 토끼 여덟 마리
ko,11,4,3,nom,,늙은 검은 토끼가
ko,11,4,3,acc,,늙은 검은 토끼를
ko,11,4,3,dat,,늙은 검은 토끼
ko,11,4,3,plural,0,늙은 검은 토끼 두 마리
ko,11,4,3,plural,1,늙은 검은 토끼 세 마리
ko,11,4,3,plural,2,늙은 검은 토끼 네 마리
ko,11,4,3,plural,3,늙은 검은 토끼 다섯 마리
ko,11,4,3,plural,4,늙은 검은 토끼 여섯 마리
ko,11,4,3,plural,5,늙은 검은 토끼 일곱 마리
ko,11,4,3,plural,6,늙은 검은 토끼 여덟 마리
ko,11,5,0,nom,,작은 하얀 토끼가
ko,11,5,0,acc,,작은 하얀 토끼를
ko,11,5,0,dat,,작은 하얀 토끼
ko,11,5,0,plural,0,작은 하얀 토끼 두 마리
ko,11,5,0,plural,1,작은 하얀 토끼 세 마리
ko,11,5,0,plural,2,작은 하얀 토끼 네 마리
ko,11,5,0,plural,3,작은 하얀 토끼 다섯 마리
ko,11,5,0,plural,4,작은 하얀 토끼 여섯 마리
ko,11,5,0,plural,5,작은 하얀 토끼 일곱 마리
ko,11,5,0,plural,6,작은 하얀 토끼 여덟 마리
ko,11,5,1,nom,,큰 하얀 토끼가
ko,11,5,1,acc,,큰 하얀 토끼를
ko,11,5,1,dat,,큰 하얀 토끼
ko,11,5,1,plural,0,큰 하얀 토끼 두 마리
ko,11,5,1,plural,1,큰 하얀 토끼 세 마리
ko,11,5,1,plural,2,큰 하얀 토끼 네 마리
ko,11,5,1,plural,3,큰 하얀 토끼 다섯 마리
ko,11,5,1,plural,4,큰 하얀 토끼 여섯 마리
ko,11,5,1,plural,5,큰 하얀 토끼 일곱 마리
ko,11,5,1,plural,6,큰 하얀 토끼 여덟 마리
ko,11,5,2,nom,,어린 하얀 토끼가
ko,11,5,2,acc,,어린 하얀 토끼를
ko,11,5,2,dat,,어린 하얀 토끼
ko,11,5,2,plural,0,어린 하얀 토끼 두 마리
ko,11,5,2,plural,1,어린 하얀 토끼 세 마리
ko,11,5,2,plural,2,어린 하얀 토끼 네 마리
ko,11,5,2,plural,3,어린 하얀 토끼 다섯 마리
ko,11,5,2,plural,4,어린 하얀 토끼 여섯 마리
ko,11,5,2,plural,5,어린 하얀 토끼 일곱 마리
ko,11,5,2,plural,6,어린 하얀 토끼 여덟 마리
ko,11,5,3,nom,,늙은 하얀 토끼가
ko,11,5,3,acc,,늙은 하얀 토끼를
ko,11,5,3,dat,,늙은 하얀 토끼
ko,11,5,3,plural,0,늙은 하얀 토끼 두 마리
ko,11,5,3,plural,1,늙은 하얀 토끼 세 마리
ko,11,5,3,plural,2,늙은 하얀 토끼 네 마리
ko,11,5,3,plural,3,늙은 하얀 토끼 다섯 마리
ko,11,5,3,plural,4,늙은 하얀 토끼 여섯 마리
ko,11,5,3,plural,5,늙은 하얀 토끼 일곱 마리
ko,11,5,3,plural,6,늙은 하얀 토끼 여덟 마리
